date,avg_wind_speed_all_stations,avg_wind_speed_cubed,wind_direction_sin,wind_direction_cos,installed_wind_capacity_mw,predicted_wind_generation_kwh
2022-01-01,7.054416666666667,351.06159578303067,-0.5125071256943168,-0.8586829718310185,9000,36297228.03522484
2022-01-02,9.18525,774.9486815159531,-0.7642787616342115,-0.6448860166842479,9000,50780940.07542355
2022-01-03,9.257333333333332,793.3369927277038,-0.8468256455604821,-0.5318705914233958,9000,51116143.258977756
2022-01-04,6.024500000000001,218.65681920612508,-0.9638557040068944,0.2664248146351498,9000,27770973.74930638
2022-01-05,9.960083333333332,988.0727366075006,-0.848786715841927,0.5287353884603109,9000,55274937.075096756
2022-01-06,5.6495,180.31424548737496,-0.8182450396146342,-0.574869598383882,9000,25757472.717966318
2022-01-07,7.167833333333333,368.2677561173287,-0.8391906937275321,-0.5438372730524301,9000,36543681.662539706
2022-01-08,7.288583333333333,387.19467046403184,-0.5252068141912176,-0.8509746190851475,9000,37934932.96076304
2022-01-09,6.668583333333333,296.5519253311152,-0.9598341903185152,0.2805678654008692,9000,32363777.34511052
2022-01-10,3.084166666666667,29.33685248900464,-0.1150165257719847,-0.9933635783535364,9000,8187375.070140585
2022-01-11,4.769666666666667,108.50858168996297,-0.1816699378608267,-0.9833595647969482,9000,20371756.89302741
2022-01-12,2.960166666666667,25.9387170466713,-0.971654800280482,-0.236404207009725,9000,5863290.435678393
2022-01-13,4.631083333333334,99.32253322772976,-0.9352060454600324,-0.3541040137233802,9000,18144098.62374802
2022-01-14,2.898083333333333,24.340674453375573,-0.9993107935633252,0.0371205854996572,9000,5211151.553142086
2022-01-15,3.2825,35.36830151562499,0.1305569209285157,-0.9914408153781372,9000,9909323.915125765
2022-01-16,5.90875,206.29411832617183,-0.9999855533060524,-0.005375237593663,9000,27067500.22623664
2022-01-17,5.735166666666667,188.64188596542132,-0.833553070237567,0.5524393895238877,9000,25667103.539862677
2022-01-18,3.1001666666666665,29.79580525833796,-0.8371480913435004,-0.5469763003640417,9000,7226772.300642706
2022-01-19,6.277416666666666,247.36763011359315,-0.9999232568833432,0.0123887184086048,9000,29694593.759616405
2022-01-20,8.939166666666667,714.3171936244214,-0.3641060815201931,0.9313574831395356,9000,48566070.600921705
2022-01-21,6.3780833333333335,259.4600920058756,-0.6627803756093449,0.7488138444948356,9000,30339218.252599478
2022-01-22,4.03025,65.46300843064061,-0.8745019782458155,0.4850219480025159,9000,13337799.811409786
2022-01-23,2.1747500000000004,10.28556181404688,-0.5900429984279028,-0.8073718226481588,9000,882164.5923160613
2022-01-24,1.8696666666666668,6.535706723296298,0.2733131778152422,-0.9619251045858684,9000,0.0
2022-01-25,1.8619166666666669,6.454769205791088,-0.3828179354309892,-0.9238238080458604,9000,0.0
2022-01-26,5.624583333333334,177.9389677733652,-0.9261683945947042,-0.3771102025321886,9000,25337345.656180725
2022-01-27,8.941416666666667,714.8567131290932,-0.995324434002228,0.0965881518517912,9000,48387910.69541411
2022-01-28,5.992500000000001,215.19101207812503,-0.99963506943672,-0.0270134772334896,9000,27681171.069954038
2022-01-29,10.048666666666666,1014.6711685976294,-0.9971695634220392,-0.0751855157906095,9000,56080708.834987074
2022-01-30,6.799083333333333,314.3048571408964,-0.9428236496234268,0.3332920126717136,9000,33278226.36440833
2022-01-31,12.560666666666666,1981.7007399469628,-0.7623118387599322,0.6472099045027441,9000,72579692.14587325
2022-02-01,9.219166666666666,783.5649462077546,-0.9760148087507312,0.2177041412083698,9000,50251618.56071432
2022-02-02,5.940250000000001,209.6110478137657,-0.9795222916677688,0.2013357398126875,9000,27189801.74131526
2022-02-03,6.603166666666667,287.9100185817546,-0.7344604079796753,-0.6786515373226005,9000,32735366.040596694
2022-02-04,9.268666666666666,796.2543008376296,-0.9481370273500588,-0.3178618841065946,9000,50950472.502247006
2022-02-05,10.18225,1055.6775053201409,-0.928809768487429,-0.3705568970648483,9000,57243885.79626602
2022-02-06,11.954583333333334,1708.4541625702404,-0.9935802518636954,-0.1131294970663076,9000,68837493.22143629
2022-02-07,8.446666666666667,602.6373816296298,-0.9766562262154452,0.2148083233829754,9000,44904123.7495542
2022-02-08,8.528916666666667,620.414034106437,-0.878873071246965,-0.4770556829521341,9000,46007984.85176411
2022-02-09,6.862916666666666,323.24080259772853,-0.8147358242100042,-0.5798323350321584,9000,34432035.47503899
2022-02-10,5.18825,139.65699215276564,-0.997147343536523,-0.0754796348563992,9000,21932478.291500792
2022-02-11,6.5600000000000005,282.30041600000004,-0.8169605074562212,0.5766936181863586,9000,31569286.948571727
2022-02-12,6.5592500000000005,282.2036014695782,-0.1085699990179092,-0.9940888065526396,9000,33312989.207168773
2022-02-13,8.399083333333333,592.5099811742298,-0.1311058098757664,-0.9913683808841288,9000,46251983.11419983
2022-02-14,9.443666666666669,842.2130143959631,-0.64316988645534,-0.7657235122137919,9000,52766232.10881345
2022-02-15,8.049249999999999,521.5143329589529,-0.7886690559770847,-0.6148179569142511,9000,42846272.594218925
2022-02-16,11.638833333333334,1576.6247779284124,-0.8197999888704356,-0.5726499613621165,9000,67234822.27510907
2022-02-17,11.8575,1667.168131359375,-0.9980043312050132,-0.063145505746922,9000,68164821.72411212
2022-02-18,12.3815,1898.1030453683743,-0.7930839358751898,-0.6091123629156757,9000,72150743.6198194
2022-02-19,11.264833333333334,1429.4675854512454,-0.9610930311560852,-0.2762248820494058,9000,64419094.03367686
2022-02-20,11.877666666666666,1675.688925227296,-0.8494744633031706,-0.5276297339951477,9000,68746556.86628993
2022-02-21,12.748333333333331,2071.8591687453704,-0.9705115965682546,0.2410544356085103,9000,73807945.89429931
2022-02-22,8.229833333333334,557.4079012358287,-0.9918842358609335,-0.1271442592120142,9000,43584255.93276644
2022-02-23,7.495666666666667,421.1441724186296,-0.8075099726036739,-0.5898539176318267,9000,38921981.16086729
2022-02-24,9.443166666666666,842.0792472184213,-0.8727255065251223,-0.488211214804073,9000,52337422.03896348
2022-02-25,7.991416666666667,510.3537675343016,-0.9617802061899632,0.2738226341652416,9000,41705617.3984344
2022-02-26,3.431083333333333,40.39185500272975,0.3239316544777398,-0.9460804845399328,9000,11182039.17173595
2022-02-27,5.587166666666667,174.41140475308796,0.7189329793823799,-0.6950793991742055,9000,27096350.65103051
2022-02-28,5.2805,147.239773560125,0.3133584663223409,-0.9496349148931448,9000,24592318.64907314
2022-03-01,2.6750833333333333,19.143085836979743,0.5884207405908806,-0.8085549035424122,9000,5864822.509900048
2022-03-02,3.9271666666666665,60.56726997475462,0.9890245181407435,0.1477514890499249,9000,14870994.158620678
2022-03-03,4.390916666666667,84.65752834222859,0.9786691474157052,-0.2054426924877513,9000,18445378.374782592
2022-03-04,4.440416666666667,87.55302831257234,0.931542771275338,-0.3636317715555993,9000,18848589.257549644
2022-03-05,4.1531666666666665,71.63711362758795,0.93673442597677,0.3500408764558374,9000,16332816.651955009
2022-03-06,5.441999999999999,161.16681088799993,0.6930796176624414,0.7208610431843879,9000,25158464.57464589
2022-03-07,3.6049166666666665,46.847421193853584,0.9999320386389352,0.0116583919724508,9000,12618707.370742187
2022-03-08,5.5495,170.907675412375,0.7256555729840173,-0.6880581293737017,9000,26828737.980088174
2022-03-09,4.559916666666667,94.81361769499944,0.4880835034581827,-0.872796937237973,9000,19531736.420730054
2022-03-10,4.70625,104.2377385253906,0.6432842230506514,-0.7656274605668999,9000,20699280.73439181
2022-03-11,7.180000000000001,370.1462320000001,0.670260211617037,-0.7421261676582256,9000,38433382.53420238
2022-03-12,6.19825,238.1262469571406,0.2114452982939317,-0.9773898330908656,9000,31083750.896629155
2022-03-13,6.0142500000000005,217.54265801864068,0.4003361888246791,-0.9163683407436832,9000,29940633.453691766
2022-03-14,4.210583333333333,74.64948247290681,-0.6948221031849608,-0.7191816494639082,9000,15584479.931399778
2022-03-15,2.7246666666666663,20.22740340829629,0.5683295817655674,-0.8228010005403343,9000,6214276.093564615
2022-03-16,5.382666666666666,155.95254199229626,0.6993154228837161,-0.7148132198812284,9000,25615151.696394518
2022-03-17,5.709833333333333,186.1531094258287,-0.992469190998678,-0.1224945097481088,9000,25720322.48866567
2022-03-18,3.539416666666667,44.33993731355151,0.8457020917395638,0.5336552932627263,9000,11650265.59216351
2022-03-19,6.5183333333333335,276.9553103287037,0.9711329378401916,0.2385389214402517,9000,33472132.239821568
2022-03-20,5.093583333333333,132.15093719205265,0.97452879180359,-0.2242624220546885,9000,23538005.14514014
2022-03-21,2.9448333333333334,25.53772235791204,0.6110898893621216,-0.7915612087004958,9000,7854417.491145909
2022-03-22,2.482666666666667,15.302248125629632,0.9984790268549384,-0.0551328661581775,9000,4451761.06292022
2022-03-23,2.533,16.251953436999997,0.9084186512730348,0.4180616629389501,9000,4431272.463792875
2022-03-24,2.38375,13.545096958984375,0.4389314822098606,0.8985205361732446,9000,2520339.857595086
2022-03-25,3.02825,27.76995510776562,0.5081453495123378,0.8612713299355692,9000,7340293.175339699
2022-03-26,3.4621666666666666,41.49960013850463,0.4202279942334669,0.9074185543962154,9000,10384107.491641447
2022-03-27,3.7511666666666663,52.78360906408797,0.6623713767043281,0.749175653183426,9000,12857938.041247487
2022-03-28,2.54525,16.48888687095313,0.5492396009022785,0.8356649213654394,9000,3865616.936338529
2022-03-29,3.3745,38.42627596862499,0.8134313473965318,0.5816609348002175,9000,10381477.672216505
2022-03-30,4.204916666666667,74.34849470635359,0.7207989396150637,0.6931442048014249,9000,16258593.40081621
2022-03-31,8.422416666666667,597.4618344395307,0.5571328241469039,0.8304233957795837,9000,46068903.10755283
2022-04-01,9.175833333333332,772.5677050526621,0.6730425263328833,0.7396037842976806,9000,51472545.54520117
2022-04-02,5.925,208.000828125,0.5054530379852147,0.8628541165176864,9000,28331698.740532532
2022-04-03,4.10425,69.1355497455156,-0.9022196667553976,0.4312767938572389,9000,13877832.884342596
2022-04-04,9.640333333333333,895.9342768133702,-0.9451945073710768,-0.3265077996549964,9000,53508525.288645625
2022-04-05,6.733083333333334,305.2403682995215,-0.9931635949417013,-0.1167307743591052,9000,33027972.721366763
2022-04-06,10.564666666666666,1179.145496421629,-0.7732440135520342,-0.6341085833719188,9000,60162090.58327302
2022-04-07,12.374833333333331,1895.0386650937453,-0.9541503499437964,-0.2993277629992426,9000,71738669.26470038
2022-04-08,6.694,299.955703384,-0.8751898773770374,0.4837795763948354,9000,32514787.315829575
2022-04-09,7.721583333333333,460.38279846480265,-0.8525210706915424,0.5226928582130678,9000,39782218.677435726
2022-04-10,3.62425,47.60520533551564,-0.9602578368797984,0.2791144688312131,9000,10411374.692882478
2022-04-11,4.59275,96.87649498142186,0.9459415344394384,-0.3243371909330793,9000,19945026.74840334
2022-04-12,4.712999999999999,104.68689509699996,0.6390083927169834,-0.7691997621146651,9000,20745564.9728712
2022-04-13,3.8925,58.97743270312501,-0.828506213906482,-0.5599798688509674,9000,13025025.844982758
2022-04-14,2.9995,26.986502249874995,-0.9290539110135476,0.3699443612631922,9000,5828141.042649254
2022-04-15,3.234,33.823616904,0.7114087017990571,0.7027785277059767,9000,9167645.8351646
2022-04-16,4.154166666666667,71.6888724681713,0.9934160747550552,-0.1145622207285558,9000,16687043.908971377
2022-04-17,4.1045,69.14818416612499,0.7772290235561584,-0.6292178040567039,9000,16399405.827664703
2022-04-18,3.421583333333333,40.05727162521932,0.4316538831690234,-0.9020393146338485,9000,11205873.4006906
2022-04-19,4.156000000000001,71.78382841600003,0.8521887448296834,0.5232345011422782,9000,16153382.336590677
2022-04-20,5.1185,134.099797756625,0.9027794764162852,0.4301037281418727,9000,23238185.465014875
2022-04-21,5.420583333333334,159.27150223311523,0.892095795884138,0.4518463134361576,9000,25390447.877705544
2022-04-22,6.8220833333333335,317.5053593111256,0.9338017211218456,0.3577909244655023,9000,35518419.07821733
2022-04-23,7.559833333333333,432.05263982999526,0.9685289466312892,0.248900943222973,9000,40841378.20095472
2022-04-24,7.075333333333333,354.19360485837035,0.6778747596607265,0.7351774005061038,9000,36798716.281484306
2022-04-25,5.806333333333333,195.75185818737032,0.6249583450685586,0.7806580986124262,9000,27664198.596564114
2022-04-26,5.3155833333333335,150.1940724446777,0.1049704510069154,0.99447534128072,9000,23425403.565547198
2022-04-27,2.9996666666666667,26.991000999962964,0.1039548458405071,0.9945820177472928,9000,6599280.673715532
2022-04-28,4.084583333333333,68.1464572212818,0.6165890218551313,0.7872851949120676,9000,15210347.143782519
2022-04-29,4.886666666666667,116.69121096296296,0.5659470897997119,0.8244415634520357,9000,20947191.613427058
2022-04-30,3.999333333333333,63.96800533303704,-0.051391233132232,0.9986785975263256,9000,13716654.538942792
2022-05-01,2.0161666666666664,8.195572392004626,0.5166312953495545,0.8562079797954708,9000,0.0
2022-05-02,3.1333333333333333,30.76237037037037,0.2087701562576583,0.9779647344644656,9000,7703634.907391481
2022-05-03,3.829833333333333,56.17455286916203,0.1807001484819823,0.9835382332876488,9000,12750895.203798652
2022-05-04,1.7433333333333332,5.298358037037036,-0.5566846238618454,0.8307239189741654,9000,0.0
2022-05-05,2.472583333333333,15.116554443698492,-0.9996914666204336,-0.0248389123410487,9000,2132070.591842599
2022-05-06,3.23,33.698267,-0.905073128409594,-0.4252559608410808,9000,8025603.7433516905
2022-05-07,4.156833333333333,71.82701791491203,-0.0580090567767969,0.9983160568336394,9000,14854702.424073353
2022-05-08,4.64075,99.94579343042186,0.5284277340367597,0.8489782858829639,9000,19110726.188623264
2022-05-09,2.4796666666666667,15.24684242662963,0.8542764295823744,-0.5198189895146103,9000,4552863.586948499
2022-05-10,6.355166666666666,256.6733824170879,-0.6723733765437193,-0.7402121604750882,9000,31074488.54192595
2022-05-11,7.35925,398.56638681957816,-0.8569387830679993,-0.5154182011473173,9000,37859245.66659729
2022-05-12,5.608833333333333,176.448351555912,-0.9540179545875676,-0.2997494659287218,9000,25145859.27258502
2022-05-13,7.3515,397.30852586587497,-0.9140343241008368,-0.4056368503545093,9000,37673840.39722231
2022-05-14,3.10825,30.029481042765624,-0.9413008847435764,0.3375687254189291,9000,6629493.383467466
2022-05-15,4.792916666666667,110.1031221446036,0.9943244809498728,0.1063899740754085,9000,21185202.19857925
2022-05-16,5.564916666666666,172.33599493468685,-0.5159960292920277,-0.8565909745933942,9000,25658518.390288398
2022-05-17,2.8793333333333333,23.871287039703702,-0.5436849821898039,-0.8392893661552449,9000,6117115.108071446
2022-05-18,3.653583333333333,48.77048252205265,-0.9700324106981144,-0.2429755588432804,9000,10933220.531788915
2022-05-19,4.170916666666667,72.55954298764526,-0.7696901476545462,-0.6384176349408925,9000,15163484.331467919
2022-05-20,4.250416666666667,76.78820533861403,-0.9380565578686244,-0.3464821701612772,9000,15375061.395824209
2022-05-21,5.742,189.316978488,-0.9931148438253892,-0.1171448119793299,9000,25947284.780513495
2022-05-22,2.4155,14.093573523875005,0.6353288269095215,-0.7722417249137548,9000,3992566.168886021
2022-05-23,4.10075,68.95882941917186,-0.954705542459981,-0.297552225997712,9000,14239052.260555968
2022-05-24,6.462000000000001,269.8366031280001,-0.9037182981151818,-0.42812759505993,9000,31388032.139019772
2022-05-25,7.836166666666667,481.1837951570048,-0.7831198435508447,-0.6218708150708638,9000,41363392.354166746
2022-05-26,7.789583333333334,472.6532879322194,-0.9409668774432222,-0.3384986492657721,9000,40687349.32078768
2022-05-27,7.125,361.705078125,-0.9380883834868192,0.3463959941556575,9000,35586586.595549524
2022-05-28,7.175833333333333,369.50220088599536,-0.5362984372097624,0.8440284273923281,9000,36090189.57178894
2022-05-29,5.665666666666667,181.86664662862964,-0.1960795187619711,0.9805879982551662,9000,25617044.990154877
2022-05-30,2.4346666666666668,14.431734461629633,-0.7784660457452518,0.6276867177356484,9000,1702126.0065205991
2022-05-31,2.7222500000000003,20.173628521390636,0.3143445598024964,-0.9493089579913248,9000,5990743.440839298
2022-06-01,3.9355,60.95365466387499,-0.9492990067455996,0.3143746106030481,9000,12669306.592237301
2022-06-02,3.352,37.662750208,0.1010351960560321,0.994882851977015,9000,9170728.441847086
2022-06-03,5.609666666666667,176.52701076996294,0.8741942619399138,0.4855763507331566,9000,26709998.797001168
2022-06-04,6.565833333333333,283.054173865162,0.7945807327409249,0.6071585123811531,9000,33388534.714212075
2022-06-05,5.39075,156.65619532104685,0.7686141556365316,0.639712654052694,9000,24923261.634901643
2022-06-06,7.397583333333333,404.8271196400527,-0.9284901945753884,-0.3713569153487756,9000,37962028.425338626
2022-06-07,5.565416666666667,172.38245155475985,-0.9792856008017102,-0.2024838563007763,9000,24746177.23077002
2022-06-08,4.913666666666667,118.63615818596296,-0.5407973512384328,-0.8411529140967742,9000,20926090.440408573
2022-06-09,4.892166666666666,117.08566652767128,-0.9797966813961132,-0.1999961577760027,9000,19889710.724187046
2022-06-10,5.6931666666666665,184.5277531559213,-0.686701479744678,-0.7269395282390892,9000,26310653.24182436
2022-06-11,5.7620000000000005,191.3021107280001,-0.8815991564049157,-0.4719988637975106,9000,26431892.57887499
2022-06-12,4.710333333333334,104.50929667003706,-0.9865738858055746,-0.1633155468609436,9000,18544221.857503682
2022-06-13,4.849083333333334,114.01945035027144,-0.8600260559466373,0.5102501181703651,9000,19277858.924855962
2022-06-14,3.1645833333333333,31.69199724211516,-0.5238932234609933,0.8517839458522622,9000,7192448.76709713
2022-06-15,3.6800833333333336,49.83941767666725,0.7981146660200283,0.602505584939873,9000,12580838.519175686
2022-06-16,2.0469166666666667,8.576310313395256,0.8876537758644616,0.4605114267784939,9000,816570.1139369756
2022-06-17,4.78225,109.36965130764064,-0.3951502566703773,-0.9186165003162826,9000,20185310.418315828
2022-06-18,4.6595,101.16212609487496,-0.0409074745371915,0.9991629389278752,9000,18520185.52928005
2022-06-19,5.3755,155.330449343875,0.1143648846097448,0.9934388119900488,9000,23868123.565967575
2022-06-20,4.937666666666667,120.38303947396298,-0.2789308576014545,0.9603111874167232,9000,20291120.357557878
2022-06-21,2.6481666666666666,18.57102796467129,0.1289955960599947,0.9916451664769644,9000,4055993.2652182505
2022-06-22,3.5347500000000003,44.164783869046886,0.5360390442402061,0.8441931905968244,9000,11081381.061500654
2022-06-23,3.4535,41.188728080375,0.9987448085557428,-0.050087996395868,9000,11550552.761638314
2022-06-24,3.44375,40.84085717773438,-0.8418271145699773,-0.539747264166097,9000,9726878.089513548
2022-06-25,3.843333333333333,56.77068803703703,-0.4971063367677222,-0.8676896276580561,9000,13224409.199222922
2022-06-26,3.675,49.633171875,-0.4931738757438657,-0.8699307606262547,9000,12003808.711312123
2022-06-27,2.9135,24.731193035375,-0.7905276246419396,-0.6124263830681796,9000,5953426.060166627
2022-06-28,3.2619166666666666,34.707120634957754,-0.4999171887250156,-0.8660732096175687,9000,8979634.355540559
2022-06-29,3.5155000000000003,43.44715134887501,0.9738266238320178,-0.2272921175842526,9000,12083398.346563354
2022-06-30,4.114166666666667,69.63789638483797,-0.9998960554245232,0.0144179869079856,9000,14095665.548749648
2022-07-01,6.087083333333334,225.5421635220632,-0.778596935779347,-0.6275243513960327,9000,28971455.62769483
2022-07-02,4.400833333333334,85.2324091672454,-0.6096339809145431,-0.7926830446744061,9000,17105608.21859006
2022-07-03,4.2482500000000005,76.67083591651566,-0.982963632467816,-0.1838001557281064,9000,15209902.799055658
2022-07-04,4.2781666666666665,78.30204395050461,-0.9862049792863202,-0.1655286646803773,9000,15412396.67282246
2022-07-05,4.446666666666667,87.92324829629632,-0.8952801830229117,0.4455035284781275,9000,16363426.8777773
2022-07-06,5.147166666666666,136.36555775642125,-0.9987904555214884,-0.0491693599630679,9000,21618194.433706626
2022-07-07,8.09775,530.9982555073593,-0.5279106742527845,0.8492998999234431,9000,42581980.40121701
2022-07-08,3.62625,47.684059962890615,-0.9274592789426244,0.3739241713278602,9000,10404605.840726167
2022-07-09,5.6355,178.97705693887497,-0.4680735627047059,0.8836895042360319,9000,25156314.685014367
2022-07-10,4.617,98.419153113,-0.6852902537608521,0.7282700516294673,9000,17659531.997738913
2022-07-11,2.786583333333333,21.63794964324016,-0.0859113547292387,0.996302784864414,9000,4827285.30819995
2022-07-12,2.952833333333333,25.746417318578693,-0.2862073600490618,-0.9581677029903204,9000,7014531.596346006
2022-07-13,4.292583333333334,79.09630668161519,-0.745559837983994,0.6664386903423906,9000,15277152.459268406
2022-07-14,3.778,53.924466952,-0.4704730439391309,0.8824143669085678,9000,11709307.0103565
2022-07-15,4.2945,79.20230505862502,-0.9836086036560552,0.1803167069735503,9000,15322649.798309684
2022-07-16,4.5601666666666665,94.8292131800046,-0.2951306642058571,0.955456901720538,9000,17543838.785494402
2022-07-17,2.039083333333333,8.478224741729743,0.6807709486367339,-0.7324963586887251,9000,1257145.9951992556
2022-07-18,2.3953333333333333,13.74351669837037,0.0951840063814111,-0.9954596952811215,9000,3378960.706974916
2022-07-19,4.013083333333333,64.63005632285474,0.6825573234806424,-0.7308320601635794,9000,15691161.04317005
2022-07-20,5.378916666666667,155.62682164081195,-0.8146132759571497,-0.5800044919087788,9000,23818296.560295492
2022-07-21,5.533,169.38775443700004,-0.6889847382442229,0.7247758484293884,9000,24270283.50412929
2022-07-22,2.990666666666667,26.748783186962967,-0.1537530582030142,0.9881093042235868,9000,6250148.585894182
2022-07-23,2.423833333333333,14.239943337995374,-0.793090896487889,0.6091032998663171,9000,1617747.0235081762
2022-07-24,4.962583333333333,122.21469772057348,-0.5718883716955595,-0.8203314514995762,9000,21232251.799697846
2022-07-25,6.7045,301.3694221161249,-0.8834667341140148,-0.4684938950657914,9000,33161878.76658584
2022-07-26,5.382083333333333,155.90184456112556,-0.3813951910992267,0.9244120878733598,9000,23405093.830015153
2022-07-27,4.127666666666666,70.32566614396295,0.101137521052074,0.9948724550591604,9000,14822211.384690374
2022-07-28,4.643416666666667,100.11818493655151,0.9359028924436776,0.3522581097938811,9000,19887632.28655766
2022-07-29,4.208916666666666,74.5608724964369,0.3732928213786695,0.9277135708326966,9000,15757029.544397973
2022-07-30,3.1136666666666666,30.18674958596296,-0.9960572765482978,0.0887124671914143,9000,6760058.381938994
2022-07-31,5.98975,214.89489004810935,-0.923644889985622,-0.3832494190516772,9000,27963766.435775027
2022-08-01,3.4571666666666667,41.32006070558796,0.166585893756575,0.9860269468941116,9000,10016882.532363668
2022-08-02,5.9175,207.21195098437505,-0.572942605309007,-0.8195954923141827,9000,28103546.121122703
2022-08-03,4.591583333333333,96.80268699959431,-0.711350591522954,-0.7028373467168229,9000,18320451.26671827
2022-08-04,3.604833333333333,46.84417241291203,-0.7606255880966736,0.6491908153482991,9000,10266280.659925386
2022-08-05,4.9039166666666665,117.93134306216608,-0.4267425509741279,0.904373150413088,9000,19916574.55140315
2022-08-06,3.216416666666667,33.27491169107235,-0.4571269062868913,0.889401479394191,9000,7622672.027990848
2022-08-07,2.654583333333333,18.70635147649017,-0.4237265696873501,0.9057901490637836,9000,3539343.6383053213
2022-08-08,3.5676666666666668,45.4101369972963,0.1442927896464854,0.9895350377101536,9000,10796034.379136734
2022-08-09,4.114,69.629433544,0.5763702601226707,0.8171886705321636,9000,15361115.973506972
2022-08-10,4.324416666666666,80.86909769615563,0.8247864080590289,0.5654444102483329,9000,17320351.207140267
2022-08-11,4.022333333333333,65.07799647270369,0.8818833497307778,0.4714676632258279,9000,15246260.946278244
2022-08-12,4.211833333333334,74.7159860069954,0.8845585342481661,0.4664292009391522,9000,16629856.044164598
2022-08-13,3.508166666666667,43.17582583633797,0.9992872912662348,0.0377479736382114,9000,11896392.030623794
2022-08-14,3.631333333333333,47.88487396237037,0.99760508501978,0.0691671478570402,9000,12773595.494070448
2022-08-15,3.3754166666666667,38.45759941413484,-0.6916948074544265,-0.7221899288556881,9000,9506864.10628955
2022-08-16,3.68975,50.23319761685936,-0.769494793029732,-0.638653085407195,9000,11662047.4550388
2022-08-17,3.8853333333333335,58.65227364503705,0.7271751098254334,0.6864520082645027,9000,13945583.907107942
2022-08-18,2.659083333333333,18.80164480464641,0.1104314187545164,0.9938837465980942,9000,4113901.9106574804
2022-08-19,3.863083333333333,57.65038741972975,-0.9460915440115336,-0.3238993521911892,9000,12535603.135616735
2022-08-20,3.825583333333333,55.987748123636,-0.9795617274106264,-0.2011437848711943,9000,12150255.902522333
2022-08-21,3.8859166666666662,58.67869528795776,-0.9057236138636682,-0.4238687713075085,9000,12807894.154782012
2022-08-22,2.7785,21.450192961625003,0.9833263071371336,-0.1818498658015658,9000,6679549.87513566
2022-08-23,2.8835,23.97506908287499,-0.6595056964962224,-0.7516995651781586,9000,5965007.835668936
2022-08-24,3.0246666666666666,27.671491008296297,-0.5956535410149436,-0.8032414699680034,9000,7100414.428124756
2022-08-25,4.550666666666667,94.237786066963,0.5829214255193356,0.8125285297578823,9000,18541010.257356815
2022-08-26,5.592250000000001,174.8878885845157,-0.2277543116461195,0.9737186316008348,9000,25058361.913643643
2022-08-27,4.7467500000000005,106.9520411062969,0.3129567894227395,0.9497673651764472,9000,19576491.611298174
2022-08-28,4.843500000000001,113.62605071287504,0.3186284483569065,0.9478796927340886,9000,20283967.928824574
2022-08-29,3.6576666666666666,48.93418656729629,0.6113463106819452,0.7913631836366755,9000,12093905.496658415
2022-08-30,5.36775,154.6595854704844,0.7949334273210524,0.6066966673120968,9000,24807129.013479933
2022-08-31,6.384166666666667,260.2032093640047,0.8452766576241404,0.5343288987840371,9000,32194593.28785023
2022-09-01,5.2796666666666665,147.17007535996294,0.957041650177898,0.2899504782282068,9000,24546659.648062065
2022-09-02,4.887583333333334,116.756891937761,0.9888024641462292,-0.1492303149441991,9000,22019875.070883915
2022-09-03,3.948833333333333,61.57528237757871,0.945339631009317,-0.3260873840601144,9000,15269399.90431127
2022-09-04,2.7724166666666665,21.30961007182233,0.8129452255527121,-0.5823401585422819,9000,6689712.880921975
2022-09-05,3.5741666666666663,45.65879025983795,0.7989720591328826,-0.6013681474146777,9000,12544903.277980745
2022-09-06,3.007833333333333,27.21205273066203,0.3255878112392947,-0.9455118069978848,9000,8091064.8871649355
2022-09-07,3.61725,47.32989880795312,0.0845150412656572,-0.9964222035863434,9000,12303995.525744237
2022-09-08,4.244833333333333,76.48599646624537,-0.1994649004403286,-0.9799049716642576,9000,16544677.901634902
2022-09-09,6.105916666666667,227.64211833420785,-0.2472511876100566,-0.9689514178870976,9000,29907018.857536033
2022-09-10,3.810333333333333,55.32085837003704,-0.3332854478232952,0.9428259702984564,9000,12060833.47162772
2022-09-11,1.9761666666666664,7.717394628671296,0.2814106920349619,0.9595874230149142,9000,0.0
2022-09-12,3.764166666666666,53.33429190567129,-0.2381951024024078,-0.971217325417698,9000,12999640.693836942
2022-09-13,3.7505,52.75547156262501,-0.3494251236851916,0.9369642911752766,9000,11610575.513072982
2022-09-14,3.0089166666666665,27.24146627143692,0.0245190045358439,0.9996993640172884,9000,6575267.3117571175
2022-09-15,6.454166666666667,268.856492259838,-0.6319309994785548,0.7750246524453496,9000,30900250.604342893
2022-09-16,8.215083333333334,554.4162101023966,-0.5953343431007528,0.8034780768165334,9000,43354852.10177885
2022-09-17,9.1835,774.5058296078751,-0.5201250573989896,0.8540901150731682,9000,50125459.80697325
2022-09-18,8.133333333333333,538.0290370370369,-0.5895734860963303,0.8077147420297714,9000,42787472.327938825
2022-09-19,6.500249999999999,274.6566887187656,-0.454623384095933,0.8906837702760513,9000,31355721.80486816
2022-09-20,3.7721666666666662,53.67506995433797,-0.1974828873374439,0.9803063343714894,9000,11911311.117141291
2022-09-21,1.663,4.599141247,0.4061813989068636,-0.91379246614429,9000,0.0
2022-09-22,2.801083333333333,21.97748985960474,0.177001748650063,-0.984210536915156,9000,6436193.69885736
2022-09-23,3.4005,39.321342550125,-0.405392621444206,-0.9141426707459808,9000,10126352.272915557
2022-09-24,4.924833333333334,119.44682572291208,0.4489654521117671,0.8935491160591434,9000,21050496.897819668
2022-09-25,3.881333333333333,58.471310295703695,-0.6334785357177894,0.7737602631208489,9000,12346476.686761387
2022-09-26,7.403083333333333,405.7307410834797,-0.9907433131409246,-0.1357486186542754,9000,37787533.49467385
2022-09-27,5.10725,133.2175220873281,-0.8461521293860286,0.532941435746452,9000,21144721.16905622
2022-09-28,2.9385833333333333,25.37546639840683,-0.9008712409510112,0.4340864052552037,9000,5374751.025527522
2022-09-29,1.765,5.498372125000001,-0.9600098299126476,0.2799662952412121,9000,0.0
2022-09-30,5.616416666666667,177.16501214107237,-0.3638829747834818,-0.9314446739676618,9000,26243996.936609194
2022-10-01,8.094166666666666,530.2936516765045,-0.9656913171166333,-0.2596926645971009,9000,42746313.80026549
2022-10-02,5.735833333333333,188.7076778859953,-0.8947376513626863,0.4465921352128628,9000,25668341.331943348
2022-10-03,3.048083333333333,28.31916923150057,-0.9326000671444272,-0.3609115054444919,9000,6625907.821558639
2022-10-04,5.896166666666667,204.978945035338,-0.4078042944681074,-0.91306936068043,9000,28191797.440156072
2022-10-05,9.617166666666666,889.4907322589211,-0.6632257383379658,-0.7484194145036992,9000,53922046.11220713
2022-10-06,7.46225,415.5366976101406,-0.9013934210535048,-0.433001039815679,9000,38485978.22859749
2022-10-07,7.621083333333333,442.6394641300213,-0.6413299432877799,-0.7672652108902717,9000,40098774.868038
2022-10-08,5.582583333333333,173.98253083349013,-0.9724130392251528,0.2332656878859413,9000,24611101.89289561
2022-10-09,4.0455,66.20893719637499,0.3043784626465973,-0.9525511805025983,9000,15640826.497898392
2022-10-10,5.485416666666667,165.05506851309318,-0.9999664548034776,-0.0081908038533709,9000,24029048.455386013
2022-10-11,2.7219166666666665,20.166218783707752,-0.9903502773750016,-0.1385868973000602,9000,4038829.0763427466
2022-10-12,3.2721666666666667,35.035332912671294,-0.0927779117437214,-0.995686827819106,9000,9587496.701203108
2022-10-13,3.4386666666666668,40.6602679442963,-0.7748944616364959,-0.6320906369541359,9000,9820788.86381276
2022-10-14,3.9815,63.11610066837498,-0.4065187503951305,-0.9136424385815172,9000,14359113.62762373
2022-10-15,6.188916666666667,237.0521534676869,-0.5426207229185261,-0.8399778277189084,9000,30092579.04721448
2022-10-16,6.0425,220.62258926562504,-0.5352236264778573,-0.8447104057959101,9000,29056298.94669932
2022-10-17,5.261583333333333,145.66303666355265,-0.4149268337856126,-0.9098547810528044,9000,23619881.29487601
2022-10-18,2.935666666666667,25.29998273862964,-0.6068177121007314,0.7948410308236696,9000,5460831.240080364
2022-10-19,5.343,152.530088607,0.9998152265676058,-0.0192227137409625,9000,25239538.306869403
2022-10-20,5.34425,152.63716733801562,0.598062234325831,-0.8014496639672355,9000,25278510.33392763
2022-10-21,4.473916666666667,89.54960434820777,-0.061821995688338,-0.9980871910054308,9000,18371825.002814673
2022-10-22,5.37675,155.4388345444219,-0.4788697769010184,-0.877885947473115,9000,24358876.991260797
2022-10-23,5.832583333333333,198.41881771369847,0.3459339057927536,-0.9382588836898748,9000,28591404.288511008
2022-10-24,9.047333333333334,740.562598047704,-0.5952310600591997,-0.8035545937525349,9000,50115322.26645571
2022-10-25,5.476,164.206490176,-0.6430665136894306,-0.7658103283263562,9000,24821866.223628268
2022-10-26,5.840999999999999,199.27903832099992,-0.2426414862286856,-0.9701160287103467,9000,28015172.72053516
2022-10-27,5.726416666666666,187.779784003364,0.0970620575519567,-0.995278331414776,9000,27586942.82964711
2022-10-28,5.2605,145.57308134512496,-0.5044613243777728,-0.8634342894552101,9000,23483918.222957626
2022-10-29,3.869333333333333,57.930654359703695,0.1044772565406371,-0.9945272760793148,9000,14161748.237802297
2022-10-30,3.969333333333333,62.53925649303703,-0.6238062066331801,-0.7815790533055004,9000,13947726.373224914
2022-10-31,4.590833333333333,96.7552588130787,0.4687756512790906,-0.8833172639362735,9000,19740687.696222007
2022-11-01,10.388416666666666,1121.1096246624888,-0.3951370480051762,-0.918622182017044,9000,59568617.16389182
2022-11-02,9.32025,809.6227165475156,-0.619866336389716,-0.784707413633127,9000,51956250.64166519
2022-11-03,8.246416666666667,560.784270875864,-0.212238569143106,-0.9772178824438728,9000,45088290.98784903
2022-11-04,4.20775,74.49888725298437,-0.88271041427998,0.4699173592469916,9000,14628164.514958471
2022-11-05,6.264916666666666,245.8928471992702,-0.590087252799935,-0.8073394788334246,9000,30562824.009860247
2022-11-06,9.146,765.0566441359997,-0.2757823234212337,-0.9612201153161464,9000,51248225.24125476
2022-11-07,8.770000000000001,674.5261330000003,-0.551510117135487,-0.8341682028806908,9000,48264625.32100855
2022-11-08,8.611666666666668,638.64811325463,-0.2301199269516717,-0.973162277947392,9000,47609239.433095485
2022-11-09,8.32125,576.189991001953,-0.7132578066166332,-0.7009017772130625,9000,44883174.55438353
2022-11-10,7.879666666666666,489.2417802266296,-0.6894613424461113,-0.7243224815456206,9000,41835562.62661898
2022-11-11,6.749750000000001,307.51270439060943,-0.488322922372931,-0.8726630068274697,9000,34170888.42253843
2022-11-12,2.9716666666666667,26.24220225462963,0.3319502787394232,-0.9432968845728364,9000,7832257.735994458
2022-11-13,3.1591666666666667,31.52953858275463,0.9475627273092876,-0.319569832453229,9000,9508488.157202214
2022-11-14,4.28475,78.66407900967187,0.6847043596075488,-0.7288209244625298,9000,17666748.037670076
2022-11-15,6.57475,284.20893763904684,0.2611769175315557,-0.9652909497911576,9000,33817920.130919635
2022-11-16,6.323166666666666,252.81561095842127,0.3894824673435108,-0.9210338797416798,9000,32140123.538867086
2022-11-17,9.538416666666668,867.8184306447806,0.2745255526488169,-0.9615798047707022,9000,54558358.79140037
2022-11-18,5.6498333333333335,180.3461642208287,0.543715192027458,-0.8392697956906018,9000,27439479.17619434
2022-11-19,5.35025,153.15184287814063,0.9981517042507304,0.0607715007331765,9000,25241049.254994214
2022-11-20,4.154583333333333,71.71044600774015,0.4055445267621052,-0.9140752905605206,9000,16523139.77284716
2022-11-21,5.185583333333333,139.4417593119693,0.4794679111497948,-0.8775594123349442,9000,24049070.07970506
2022-11-22,7.410916666666667,407.0200369551453,0.0448962789729442,-0.9989916536860474,9000,39524446.25905429
2022-11-23,7.129833333333334,362.44167914416215,-0.1824244890281585,-0.9832198664606075,9000,37275229.34614682
2022-11-24,7.125666666666667,361.8066188752963,-0.4114671863033109,-0.9114245742767948,9000,36946582.03131701
2022-11-25,5.68075,183.32303198542184,-0.7769906303156707,-0.6295121606463665,9000,26061323.267608553
2022-11-26,5.458583333333333,162.64466957090684,-0.3247584570185621,-0.9457969891022716,9000,25161272.709408924
2022-11-27,6.736083333333334,305.648559820334,0.0612218386429306,-0.9981241838935568,9000,34762929.38817491
2022-11-28,3.222833333333333,33.47445697107871,-0.5321705552007432,-0.846637171506976,9000,8646278.830552787
2022-11-29,2.31425,12.394551524890623,-0.7371662736417507,0.6757113917976635,9000,835775.8443854302
2022-11-30,2.0399166666666666,8.488623642499421,0.7823992725729677,0.6227771497713215,9000,548744.8196013272
2022-12-01,3.413083333333333,39.75947821035474,0.7737607027644415,0.6334779987161966,9000,10587269.270564094
2022-12-02,5.846916666666667,199.88523369256197,0.9010459501562909,0.4337236397833846,9000,28474960.68550335
2022-12-03,6.286666666666666,248.4627576296296,0.9702045695037408,0.2422872124443653,9000,31816249.004595697
2022-12-04,6.114583333333333,228.61283252857345,0.9701356307225344,0.2425631010739069,9000,30585995.381948367
2022-12-05,5.319999999999999,150.56876799999995,0.7177336257201239,0.6963177740878407,9000,24322360.91004774
2022-12-06,4.0245,65.18321770612499,-0.2909457834277131,0.9567395419369026,9000,13658316.714638539
2022-12-07,5.269166666666666,146.29376172858792,-0.5952236972502171,0.8035600476826744,9000,22427024.026255623
2022-12-08,3.6824166666666662,49.93427889078068,-0.8910885735459375,0.4538294328223615,9000,10805777.081835113
2022-12-09,2.4232500000000003,14.22966461807813,-0.063820577153444,-0.997961388998493,9000,3407948.6516482383
2022-12-10,3.582333333333333,45.97248528603703,-0.390458298844282,-0.9206206150546647,9000,11473655.284756988
2022-12-11,3.9344166666666665,60.90333199803066,-0.0452717570877964,-0.9989747083936528,9000,14471293.77486968
2022-12-12,3.2334166666666664,33.8053173821765,0.127227663269082,-0.9918735411830932,9000,9547315.373138458
2022-12-13,3.2306666666666666,33.71913710696296,0.5839883543384199,-0.8117620353263043,9000,9926342.329670973
2022-12-14,2.588583333333333,17.34548516611516,0.961189406266867,0.2758893352058894,9000,4984252.975114763
2022-12-15,4.22275,75.29846306204689,-0.9985643673330914,0.0535649539593082,9000,14862305.582018815
2022-12-16,3.237083333333333,33.92045266268807,0.6865822528732021,0.7270521370847887,9000,9147673.407003969
2022-12-17,5.226,142.727683176,-0.0505024755256064,-0.998723935812988,9000,23823825.28575103
2022-12-18,5.895833333333333,204.94418221932867,0.3630302295015964,-0.9317773620710144,9000,29060049.513072446
2022-12-19,9.158833333333332,768.281663801745,-0.2480834730655992,-0.9687386594906338,9000,51372132.78682132
2022-12-20,7.205166666666667,374.0520967379213,-0.4461803900263058,-0.8949430482192561,9000,37460271.011883795
2022-12-21,5.55775,171.67103363110934,-0.5082439874059016,-0.8612131265057156,9000,25618452.072705418
2022-12-22,4.622833333333333,98.79266668774537,-0.7484824509808715,-0.6631545977927524,9000,18481234.86923849
2022-12-23,4.401083333333333,85.24693549293808,-0.8021275330677102,-0.5971527616068685,9000,16773428.465396196
2022-12-24,6.298583333333334,249.8783554284069,-0.8028200539605888,-0.5962214026338852,9000,30437198.042559028
2022-12-25,4.636083333333334,99.64458467658392,-0.1934490262931057,-0.981110327244724,9000,19390095.744335443
2022-12-26,7.906333333333333,494.2257408873704,-0.93463108911552,-0.3556187948614877,9000,41524088.98927979
2022-12-27,7.920333333333334,496.8558170400371,-0.7589712549106699,-0.6511241311910678,9000,41998538.33071612
2022-12-28,10.853583333333336,1278.555059872053,-0.5176624148564762,-0.8555849602727724,9000,62522785.521808386
2022-12-29,10.765666666666666,1247.7362319286294,-0.7447087020756186,-0.6673896530909417,9000,61565330.410425186
2022-12-30,9.821833333333332,947.4966452244952,-0.4054855716669761,-0.9141014446821016,9000,55708599.67607628
2022-12-31,10.7975,1258.8374024843754,-0.6729978137081635,-0.7396444705018973,9000,61902928.55093874
