date,Random Forest,avg_wind_speed_all_stations,vector_avg_wind_speed_all_stations,avg_wind_direction,avg_wind_speed_cubed
time,continuous,continuous,continuous,continuous,continuous
meta,meta,,,,
2022-01-01,2.53953e+07,7.05442,6.85321,210.831,351.062
2022-01-02,4.2542e+07,9.18525,8.86637,229.843,774.949
2022-01-03,4.2318e+07,9.25733,9.19753,237.868,793.337
2022-01-04,2.03423e+07,6.0245,4.61158,285.452,218.657
2022-01-05,3.79007e+07,9.96008,9.40396,301.92,988.073
2022-01-06,1.18955e+07,5.6495,3.44271,234.909,180.314
2022-01-07,2.456e+07,7.16783,6.37578,237.055,368.268
2022-01-08,2.29842e+07,7.28858,5.08176,211.682,387.195
2022-01-09,2.33744e+07,6.66858,6.40152,286.294,296.552
2022-01-10,2.62555e+06,3.08417,2.94854,186.605,29.3369
2022-01-11,8.21881e+06,4.76967,4.56575,190.467,108.509
2022-01-12,2.25469e+06,2.96017,2.0189,256.326,25.9387
2022-01-13,8.96013e+06,4.63108,4.4603,249.261,99.3225
2022-01-14,1.80455e+06,2.89808,2.19781,272.127,24.3407
2022-01-15,1.90854e+06,3.2825,2.9381,172.498,35.3683
2022-01-16,1.43795e+07,5.90875,5.25245,269.692,206.294
2022-01-17,1.58476e+07,5.73517,5.34437,303.535,188.642
2022-01-18,3.08912e+06,3.10017,2.53864,236.84,29.7958
2022-01-19,2.6316e+07,6.27742,4.10939,270.71,247.368
2022-01-20,3.27707e+07,8.93917,8.79614,338.647,714.317
2022-01-21,1.7906e+07,6.37808,6.09892,318.488,259.46
2022-01-22,6.26881e+06,4.03025,3.94797,299.014,65.463
2022-01-23,528019,2.17475,1.77335,216.16,10.2856
2022-01-24,393748,1.86967,1.1692,164.138,6.53571
2022-01-25,445559,1.86192,1.04572,202.508,6.45477
2022-01-26,1.45239e+07,5.62458,5.26874,247.845,177.939
2022-01-27,3.60278e+07,8.94142,7.83701,275.543,714.857
2022-01-28,1.96949e+07,5.9925,4.61637,268.452,215.191
2022-01-29,4.853e+07,10.0487,9.2893,265.688,1014.67
2022-01-30,2.29833e+07,6.79908,5.23051,289.469,314.305
2022-01-31,6.21149e+07,12.5607,11.1492,310.332,1981.7
2022-02-01,3.72178e+07,9.21917,8.69722,282.574,783.565
2022-02-02,1.61419e+07,5.94025,5.25046,281.615,209.611
2022-02-03,2.20236e+07,6.60317,6.48416,227.262,287.91
2022-02-04,4.16057e+07,9.26867,7.7639,251.466,796.254
2022-02-05,4.90488e+07,10.1822,9.64171,248.25,1055.68
2022-02-06,5.66419e+07,11.9546,10.8769,263.504,1708.45
2022-02-07,3.51883e+07,8.44667,7.09684,282.404,602.637
2022-02-08,4.30219e+07,8.52892,8.46908,241.507,620.414
2022-02-09,2.36717e+07,6.86292,6.74199,234.561,323.241
2022-02-10,1.12025e+07,5.18825,4.8225,265.671,139.657
2022-02-11,2.31498e+07,6.56,5.40709,305.218,282.3
2022-02-12,2.54355e+07,6.55925,6.50792,186.233,282.204
2022-02-13,4.44522e+07,8.39908,8.32875,187.533,592.51
2022-02-14,4.45381e+07,9.44367,8.78537,220.029,842.213
2022-02-15,3.3611e+07,8.04925,7.52542,232.061,521.514
2022-02-16,6.06484e+07,11.6388,11.2648,235.065,1576.62
2022-02-17,5.41322e+07,11.8575,11.7633,266.38,1667.17
2022-02-18,6.4766e+07,12.3815,11.0303,232.475,1898.1
2022-02-19,5.31835e+07,11.2648,9.79323,253.965,1429.47
2022-02-20,6.38064e+07,11.8777,10.9924,238.155,1675.69
2022-02-21,5.93782e+07,12.7483,11.2508,283.949,2071.86
2022-02-22,3.99642e+07,8.22983,7.04772,262.695,557.408
2022-02-23,2.52301e+07,7.49567,6.85176,233.853,421.144
2022-02-24,4.56142e+07,9.44317,7.9916,240.777,842.079
2022-02-25,3.47083e+07,7.99142,7.17747,285.892,510.354
2022-02-26,3.17868e+06,3.43108,2.43336,161.099,40.3919
2022-02-27,1.77602e+07,5.58717,5.51858,134.034,174.411
2022-02-28,1.052e+07,5.2805,5.23834,161.738,147.24
2022-03-01,1.02344e+06,2.67508,1.86133,143.955,19.1431
2022-03-02,4.42125e+06,3.92717,3.84995,81.5034,60.5673
2022-03-03,4.28417e+06,4.39092,4.33693,101.855,84.6575
2022-03-04,6.2879e+06,4.44042,4.38151,111.323,87.553
2022-03-05,6.37971e+06,4.15317,3.47186,69.5102,71.6371
2022-03-06,1.42377e+07,5.442,5.3376,43.8744,161.167
2022-03-07,3.06267e+06,3.60492,3.40578,89.332,46.8474
2022-03-08,1.6549e+07,5.5495,5.47525,133.477,170.908
2022-03-09,7.7489e+06,4.55992,4.51795,150.785,94.8136
2022-03-10,8.75497e+06,4.70625,4.65331,139.963,104.238
2022-03-11,2.70783e+07,7.18,7.01906,137.913,370.146
2022-03-12,1.60117e+07,6.19825,5.76934,167.793,238.126
2022-03-13,1.47965e+07,6.01425,5.7631,156.401,217.543
2022-03-14,6.58645e+06,4.21058,3.75767,224.013,74.6495
2022-03-15,1.05523e+06,2.72467,2.22506,145.366,20.2274
2022-03-16,1.313e+07,5.38267,5.17215,135.628,155.953
2022-03-17,1.29145e+07,5.70983,4.47156,262.964,186.153
2022-03-18,3.32937e+06,3.53942,1.79268,57.7472,44.3399
2022-03-19,2.47284e+07,6.51833,6.45633,76.1997,276.955
2022-03-20,1.06519e+07,5.09358,3.73349,102.96,132.151
2022-03-21,1.56043e+06,2.94483,1.85149,142.332,25.5377
2022-03-22,735994,2.48267,2.13129,93.1605,15.3022
2022-03-23,788404,2.533,2.02752,65.2877,16.252
2022-03-24,560761,2.38375,1.79832,26.0357,13.5451
2022-03-25,1.92821e+06,3.02825,2.89054,30.5404,27.77
2022-03-26,4.46128e+06,3.46217,3.07281,24.849,41.4996
2022-03-27,5.22784e+06,3.75117,3.60869,41.481,52.7836
2022-03-28,1.01747e+06,2.54525,1.98499,33.3149,16.4889
2022-03-29,3.74794e+06,3.3745,3.20627,54.4326,38.4263
2022-03-30,8.0644e+06,4.20492,4.06254,46.1205,74.3485
2022-03-31,4.07068e+07,8.42242,8.12658,33.8577,597.462
2022-04-01,5.35118e+07,9.17583,9.11446,42.3023,772.568
2022-04-02,1.71327e+07,5.925,5.84213,30.3614,208.001
2022-04-03,9.59265e+06,4.10425,3.11952,295.549,69.1355
2022-04-04,5.12401e+07,9.64033,9.06562,250.943,895.934
2022-04-05,2.12248e+07,6.73308,6.42458,263.297,305.24
2022-04-06,5.79474e+07,10.5647,10.5028,230.646,1179.15
2022-04-07,5.93914e+07,12.3748,11.3213,252.583,1895.04
2022-04-08,1.75697e+07,6.694,6.13753,298.933,299.956
2022-04-09,2.66239e+07,7.72158,7.57039,301.513,460.383
2022-04-10,3.68508e+06,3.62425,2.68722,286.207,47.6052
2022-04-11,8.48016e+06,4.59275,4.30826,108.925,96.8765
2022-04-12,8.86244e+06,4.713,3.71382,140.282,104.687
2022-04-13,3.76676e+06,3.8925,3.81503,235.946,58.9774
2022-04-14,2.26582e+06,2.9995,2.28779,291.712,26.9865
2022-04-15,3.49323e+06,3.234,3.03082,45.3496,33.8236
2022-04-16,6.6022e+06,4.15417,4.03017,96.5784,71.6889
2022-04-17,5.14958e+06,4.1045,4.01334,128.992,69.1482
2022-04-18,2.7331e+06,3.42158,1.69631,154.427,40.0573
2022-04-19,7.18457e+06,4.156,3.62801,58.4505,71.7838
2022-04-20,9.62362e+06,5.1185,5.01662,64.5259,134.1
2022-04-21,1.41467e+07,5.42058,5.29267,63.1378,159.272
2022-04-22,2.64535e+07,6.82208,6.74554,69.0354,317.505
2022-04-23,3.31134e+07,7.55983,7.47221,75.5875,432.053
2022-04-24,2.5121e+07,7.07533,6.79911,42.6778,354.194
2022-04-25,1.64682e+07,5.80633,5.64411,38.6791,195.752
2022-04-26,1.04422e+07,5.31558,5.04507,6.02546,150.194
2022-04-27,2.37773e+06,2.99967,2.48752,5.96695,26.991
2022-04-28,7.47851e+06,4.08458,3.92902,38.0675,68.1465
2022-04-29,9.85475e+06,4.88667,4.72675,34.4681,116.691
2022-04-30,6.57717e+06,3.99933,3.76131,357.054,63.968
2022-05-01,565507,2.01617,0.997525,31.1066,8.19557
2022-05-02,2.54434e+06,3.13333,2.47597,12.0503,30.7624
2022-05-03,5.47937e+06,3.82983,3.72538,10.4105,56.1746
2022-05-04,893516,1.74333,0.516004,326.173,5.29836
2022-05-05,1.25963e+06,2.47258,1.26194,268.577,15.1166
2022-05-06,3.45706e+06,3.23,2.95464,244.833,33.6983
2022-05-07,7.67579e+06,4.15683,3.03615,356.674,71.827
2022-05-08,9.64782e+06,4.64075,4.48249,31.8993,99.9458
2022-05-09,1.06567e+06,2.47967,0.910967,121.32,15.2468
2022-05-10,1.61803e+07,6.35517,5.8143,222.251,256.673
2022-05-11,2.68851e+07,7.35925,6.93444,238.975,398.566
2022-05-12,1.53401e+07,5.60883,5.43347,252.557,176.448
2022-05-13,2.70175e+07,7.3515,7.21026,246.069,397.309
2022-05-14,2.28224e+06,3.10825,1.90475,289.729,30.0295
2022-05-15,9.04464e+06,4.79292,4.61104,83.8927,110.103
2022-05-16,1.23486e+07,5.56492,3.22383,211.064,172.336
2022-05-17,3.24242e+06,2.87933,0.503348,212.935,23.8713
2022-05-18,3.37273e+06,3.65358,0.511433,255.938,48.7705
2022-05-19,5.51731e+06,4.17092,1.6005,230.326,72.5595
2022-05-20,5.73069e+06,4.25042,1.70005,249.728,76.7882
2022-05-21,1.48666e+07,5.742,5.44474,263.273,189.317
2022-05-22,644220,2.4155,1.06859,140.556,14.0936
2022-05-23,6.42652e+06,4.10075,0.806966,252.689,68.9588
2022-05-24,1.99684e+07,6.462,6.22979,244.651,269.837
2022-05-25,3.41957e+07,7.83617,7.71173,231.547,481.184
2022-05-26,3.09976e+07,7.78958,7.60266,250.215,472.653
2022-05-27,2.57003e+07,7.125,6.99406,290.267,361.705
2022-05-28,2.35572e+07,7.17583,7.02297,327.568,369.502
2022-05-29,1.50072e+07,5.66567,5.56406,348.692,181.867
2022-05-30,709749,2.43467,1.48414,308.88,14.4317
2022-05-31,1.17488e+06,2.72225,1.48259,161.679,20.1736
2022-06-01,5.35839e+06,3.9355,3.11761,288.323,60.9537
2022-06-02,4.30264e+06,3.352,2.30535,5.79878,37.6628
2022-06-03,1.74193e+07,5.60967,5.41692,60.9498,176.527
2022-06-04,2.42036e+07,6.56583,6.52665,52.6157,283.054
2022-06-05,1.34923e+07,5.39075,3.04135,50.2296,156.656
2022-06-06,2.55145e+07,7.39758,7.06616,248.201,404.827
2022-06-07,1.31749e+07,5.56542,5.13721,258.318,172.382
2022-06-08,8.09435e+06,4.91367,4.26053,212.738,118.636
2022-06-09,9.83119e+06,4.89217,4.36886,258.463,117.086
2022-06-10,1.31713e+07,5.69317,5.49595,223.37,184.528
2022-06-11,1.81077e+07,5.762,5.59319,241.836,191.302
2022-06-12,9.72771e+06,4.71033,4.52418,260.601,104.509
2022-06-13,1.02444e+07,4.84908,4.60662,300.68,114.019
2022-06-14,2.60607e+06,3.16458,1.01084,328.406,31.692
2022-06-15,5.0002e+06,3.68008,3.25072,52.9504,49.8394
2022-06-16,529239,2.04692,1.04318,62.5799,8.57631
2022-06-17,7.80535e+06,4.78225,4.2375,203.275,109.37
2022-06-18,8.42925e+06,4.6595,3.48832,357.656,101.162
2022-06-19,1.09095e+07,5.3755,4.96774,6.56699,155.33
2022-06-20,1.01144e+07,4.93767,4.64703,343.804,120.383
2022-06-21,1.05101e+06,2.64817,1.42265,7.41156,18.571
2022-06-22,4.23326e+06,3.53475,3.27388,32.4144,44.1648
2022-06-23,2.72746e+06,3.4535,1.73026,92.871,41.1887
2022-06-24,2.59941e+06,3.44375,2.56792,237.334,40.8409
2022-06-25,4.08706e+06,3.84333,2.35928,209.809,56.7707
2022-06-26,3.70568e+06,3.675,3.01637,209.549,49.6332
2022-06-27,1.85425e+06,2.9135,1.98246,232.235,24.7312
2022-06-28,1.71702e+06,3.26192,1.81248,209.995,34.7071
2022-06-29,2.87151e+06,3.5155,0.843725,103.138,43.4472
2022-06-30,7.19998e+06,4.11417,2.69465,270.826,69.6379
2022-07-01,1.71704e+07,6.08708,5.98924,231.132,225.542
2022-07-02,6.04396e+06,4.40083,3.95114,217.563,85.2324
2022-07-03,6.06191e+06,4.24825,3.9769,259.409,76.6708
2022-07-04,7.20922e+06,4.27817,4.06114,260.472,78.302
2022-07-05,1.098e+07,4.44667,3.98063,296.456,87.9232
2022-07-06,1.09375e+07,5.14717,4.71215,267.182,136.366
2022-07-07,2.61e+07,8.09775,7.718,328.136,530.998
2022-07-08,5.55801e+06,3.62625,3.41638,291.958,47.6841
2022-07-09,1.63528e+07,5.6355,5.04524,332.091,178.977
2022-07-10,1.06329e+07,4.617,4.31726,316.742,98.4192
2022-07-11,2.34931e+06,2.78658,2.29888,355.072,21.6379
2022-07-12,2.2035e+06,2.95283,2.17925,196.631,25.7464
2022-07-13,8.18244e+06,4.29258,2.65071,311.793,79.0963
2022-07-14,8.86253e+06,3.778,3.33965,331.935,53.9245
2022-07-15,9.20145e+06,4.2945,3.75484,280.388,79.2023
2022-07-16,1.00067e+07,4.56017,4.04865,342.835,94.8292
2022-07-17,353856,2.03908,0.799326,137.096,8.47822
2022-07-18,539438,2.39533,1.48735,174.538,13.7435
2022-07-19,3.67835e+06,4.01308,3.83214,136.956,64.6301
2022-07-20,1.285e+07,5.37892,4.74043,234.549,155.627
2022-07-21,1.37093e+07,5.533,3.9822,316.45,169.388
2022-07-22,3.48169e+06,2.99067,2.68304,351.156,26.7488
2022-07-23,678933,2.42383,0.632238,307.525,14.2399
2022-07-24,8.65847e+06,4.96258,4.6605,214.882,122.215
2022-07-25,2.23833e+07,6.7045,6.4743,242.063,301.369
2022-07-26,1.94852e+07,5.38208,4.96118,337.58,155.902
2022-07-27,7.32059e+06,4.12767,3.75742,5.80468,70.3257
2022-07-28,1.02742e+07,4.64342,4.50822,69.3745,100.118
2022-07-29,7.22464e+06,4.20892,3.42314,21.9188,74.5609
2022-07-30,2.20153e+06,3.11367,2.05134,275.09,30.1867
2022-07-31,1.62463e+07,5.98975,5.07965,247.465,214.895
2022-08-01,4.25013e+06,3.45717,2.60289,9.58937,41.3201
2022-08-02,1.51596e+07,5.9175,5.12826,214.956,207.212
2022-08-03,9.88701e+06,4.59158,4.27439,225.345,96.8027
2022-08-04,4.17396e+06,3.60483,2.33006,310.481,46.8442
2022-08-05,9.64143e+06,4.90392,4.45765,334.739,117.931
2022-08-06,4.08952e+06,3.21642,2.80742,332.798,33.2749
2022-08-07,1.96463e+06,2.65458,1.84359,334.93,18.7064
2022-08-08,5.04771e+06,3.56767,3.17649,8.29633,45.4101
2022-08-09,7.17879e+06,4.114,3.93002,35.1956,69.6294
2022-08-10,6.11891e+06,4.32442,4.20519,55.5668,80.8691
2022-08-11,6.87187e+06,4.02233,3.8744,61.8704,65.078
2022-08-12,7.92201e+06,4.21183,4.06942,62.1972,74.716
2022-08-13,3.46637e+06,3.50817,2.81865,87.8367,43.1758
2022-08-14,3.78035e+06,3.63133,2.99133,86.0338,47.8849
2022-08-15,2.54491e+06,3.37542,2.31066,223.764,38.4576
2022-08-16,3.58354e+06,3.68975,2.36598,230.309,50.2332
2022-08-17,5.73002e+06,3.88533,2.98324,46.6501,58.6523
2022-08-18,1.0648e+06,2.65908,2.07263,6.34019,18.8016
2022-08-19,4.50746e+06,3.86308,3.01704,251.101,57.6504
2022-08-20,4.95224e+06,3.82558,2.83157,258.396,55.9877
2022-08-21,5.49094e+06,3.88592,2.86311,244.921,58.6787
2022-08-22,749564,2.7785,2.29783,100.478,21.4502
2022-08-23,1.88881e+06,2.8835,1.72705,221.262,23.9751
2022-08-24,2.86872e+06,3.02467,0.033026,216.559,27.6715
2022-08-25,1.15083e+07,4.55067,1.04966,35.6563,94.2378
2022-08-26,1.6101e+07,5.59225,5.49344,346.835,174.888
2022-08-27,7.23163e+06,4.74675,4.66139,18.2375,106.952
2022-08-28,9.17554e+06,4.8435,4.50437,18.58,113.626
2022-08-29,4.10439e+06,3.65767,3.44787,37.6869,48.9342
2022-08-30,1.32818e+07,5.36775,5.19537,52.649,154.66
2022-08-31,2.3189e+07,6.38417,6.31599,57.7016,260.203
2022-09-01,1.34906e+07,5.27967,5.16957,73.145,147.17
2022-09-02,9.38742e+06,4.88758,4.68977,98.5823,116.757
2022-09-03,4.80421e+06,3.94883,3.42692,109.031,61.5753
2022-09-04,1.15057e+06,2.77242,1.49272,125.615,21.3096
2022-09-05,2.90806e+06,3.57417,1.80187,126.968,45.6588
2022-09-06,1.63411e+06,3.00783,1.86164,160.999,27.2121
2022-09-07,3.68468e+06,3.61725,2.2222,175.152,47.3299
2022-09-08,5.57976e+06,4.24483,3.50806,191.506,76.486
2022-09-09,1.92314e+07,6.10592,5.33625,194.315,227.642
2022-09-10,9.95252e+06,3.81033,1.98338,340.532,55.3209
2022-09-11,597356,1.97617,0.570843,16.3444,7.71739
2022-09-12,4.93324e+06,3.76417,3.38671,193.78,53.3343
2022-09-13,8.66795e+06,3.7505,2.70892,339.548,52.7555
2022-09-14,2.42868e+06,3.00892,1.87276,1.40498,27.2415
2022-09-15,2.15025e+07,6.45417,6.33856,320.807,268.856
2022-09-16,2.49298e+07,8.21508,8.07255,323.464,554.416
2022-09-17,3.45271e+07,9.1835,9.14419,328.659,774.506
2022-09-18,2.52282e+07,8.13333,7.89493,323.873,538.029
2022-09-19,2.1223e+07,6.50025,6.4435,332.959,274.657
2022-09-20,9.50736e+06,3.77217,3.4232,348.61,53.6751
2022-09-21,339355,1.663,0.879722,156.035,4.59914
2022-09-22,1.77625e+06,2.80108,2.60086,169.805,21.9775
2022-09-23,3.03217e+06,3.4005,2.97079,203.916,39.3213
2022-09-24,1.05814e+07,4.92483,3.75602,26.6773,119.447
2022-09-25,7.90514e+06,3.88133,2.55588,320.693,58.4713
2022-09-26,2.94254e+07,7.40308,4.87225,262.198,405.731
2022-09-27,1.34071e+07,5.10725,4.73577,302.204,133.218
2022-09-28,2.30792e+06,2.93858,2.22084,295.727,25.3755
2022-09-29,447308,1.765,0.147241,286.258,5.49837
2022-09-30,1.54824e+07,5.61642,5.26893,201.339,177.165
2022-10-01,3.68754e+07,8.09417,6.81201,254.948,530.294
2022-10-02,1.40029e+07,5.73583,5.22957,296.525,188.708
2022-10-03,2.41869e+06,3.04808,2.35819,248.844,28.3192
2022-10-04,1.65581e+07,5.89617,5.76201,204.067,204.979
2022-10-05,4.87365e+07,9.61717,8.9921,221.546,889.491
2022-10-06,2.4337e+07,7.46225,7.02301,244.342,415.537
2022-10-07,3.35454e+07,7.62108,7.40584,219.891,442.639
2022-10-08,1.46707e+07,5.58258,5.35774,283.489,173.983
2022-10-09,3.69642e+06,4.0455,3.75932,162.279,66.2089
2022-10-10,1.26803e+07,5.48542,2.69238,269.531,165.055
2022-10-11,1.23274e+06,2.72192,1.66625,262.034,20.1662
2022-10-12,2.96408e+06,3.27217,3.04133,185.323,35.0353
2022-10-13,2.53608e+06,3.43867,2.4234,230.795,40.6603
2022-10-14,5.29191e+06,3.9815,3.07178,203.986,63.1161
2022-10-15,1.74863e+07,6.18892,5.76089,212.862,237.052
2022-10-16,1.87841e+07,6.0425,4.82077,212.359,220.623
2022-10-17,1.05209e+07,5.26158,4.6334,204.515,145.663
2022-10-18,2.39244e+06,2.93567,2.02339,322.64,25.3
2022-10-19,1.47635e+07,5.343,5.12502,91.1014,152.53
2022-10-20,1.41096e+07,5.34425,4.7606,143.269,152.637
2022-10-21,7.72669e+06,4.47392,4.25963,183.544,89.5496
2022-10-22,1.2429e+07,5.37675,4.79152,208.612,155.439
2022-10-23,1.4322e+07,5.83258,5.25316,159.761,198.419
2022-10-24,4.12002e+07,9.04733,8.68159,216.529,740.563
2022-10-25,1.38894e+07,5.476,4.70419,220.021,164.206
2022-10-26,1.47359e+07,5.841,5.01418,194.042,199.279
2022-10-27,1.44932e+07,5.72642,5.48856,174.43,187.78
2022-10-28,1.06747e+07,5.2605,4.67687,210.296,145.573
2022-10-29,3.77551e+06,3.86933,3.4306,174.003,57.9307
2022-10-30,4.82116e+06,3.96933,3.64074,218.595,62.5393
2022-10-31,8.23183e+06,4.59083,3.76141,152.045,96.7553
2022-11-01,5.76199e+07,10.3884,10.1264,203.275,1121.11
2022-11-02,3.97147e+07,9.32025,8.36685,218.306,809.623
2022-11-03,3.88995e+07,8.24642,7.33718,192.254,560.784
2022-11-04,1.07804e+07,4.20775,3.30404,298.029,74.4989
2022-11-05,1.85455e+07,6.26492,5.67979,216.163,245.893
2022-11-06,4.64448e+07,9.146,8.83966,196.009,765.057
2022-11-07,4.31641e+07,8.77,8.58575,213.471,674.526
2022-11-08,4.96045e+07,8.61167,8.4137,193.304,638.648
2022-11-09,3.27649e+07,8.32125,7.91172,225.501,576.19
2022-11-10,3.20384e+07,7.87967,7.66741,223.587,489.242
2022-11-11,2.24951e+07,6.74975,6.61058,209.23,307.513
2022-11-12,1.97951e+06,2.97167,2.68139,160.613,26.2422
2022-11-13,3.51088e+06,3.15917,3.0772,108.637,31.5295
2022-11-14,4.98959e+06,4.28475,3.89535,136.788,78.6641
2022-11-15,2.24355e+07,6.57475,6.27663,164.86,284.209
2022-11-16,2.13638e+07,6.32317,5.55071,157.078,252.816
2022-11-17,5.15029e+07,9.53842,7.88612,164.066,867.818
2022-11-18,1.37339e+07,5.64983,3.6918,147.063,180.346
2022-11-19,1.35901e+07,5.35025,4.97025,86.5159,153.152
2022-11-20,6.43323e+06,4.15458,1.74269,156.075,71.7104
2022-11-21,1.20414e+07,5.18558,4.20454,151.349,139.442
2022-11-22,3.30092e+07,7.41092,7.09756,177.427,407.02
2022-11-23,2.54017e+07,7.12983,6.77497,190.511,362.442
2022-11-24,2.43372e+07,7.12567,6.49655,204.297,361.807
2022-11-25,1.34716e+07,5.68075,4.93252,230.986,183.323
2022-11-26,1.25349e+07,5.45858,5.19455,198.951,162.645
2022-11-27,2.83369e+07,6.73608,6.694,176.49,305.649
2022-11-28,2.48906e+06,3.22283,2.82642,212.152,33.4745
2022-11-29,746000,2.31425,1.11468,312.509,12.3946
2022-11-30,269392,2.03992,1.33847,51.4808,8.48862
2022-12-01,4.0302e+06,3.41308,3.29663,50.6928,39.7595
2022-12-02,1.77644e+07,5.84692,5.74731,64.2959,199.885
2022-12-03,2.07943e+07,6.28667,6.18921,75.9784,248.463
2022-12-04,2.07905e+07,6.11458,6.00999,75.9621,228.613
2022-12-05,1.31596e+07,5.32,5.15105,45.8677,150.569
2022-12-06,7.25669e+06,4.0245,3.40307,343.085,65.1832
2022-12-07,1.57608e+07,5.26917,5.04971,323.471,146.294
2022-12-08,4.08651e+06,3.68242,2.59585,296.99,49.9343
2022-12-09,622601,2.42325,2.05347,183.659,14.2297
2022-12-10,4.34873e+06,3.58233,3.21308,202.983,45.9725
2022-12-11,4.6479e+06,3.93442,3.87785,182.595,60.9033
2022-12-12,2.77321e+06,3.23342,3.03336,172.691,33.8053
2022-12-13,2.48448e+06,3.23067,2.50243,144.268,33.7191
2022-12-14,1.04451e+06,2.58858,0.484379,73.985,17.3455
2022-12-15,6.61256e+06,4.22275,2.4516,273.071,75.2985
2022-12-16,2.44293e+06,3.23708,1.69776,43.3602,33.9205
2022-12-17,1.03851e+07,5.226,5.16336,182.895,142.728
2022-12-18,1.51269e+07,5.89583,5.73251,158.714,204.944
2022-12-19,5.07752e+07,9.15883,9.02951,194.364,768.282
2022-12-20,2.72213e+07,7.20517,6.93235,206.499,374.052
2022-12-21,1.54295e+07,5.55775,5.48346,210.547,171.671
2022-12-22,1.07988e+07,4.62283,3.92957,228.459,98.7927
2022-12-23,7.22402e+06,4.40108,1.80717,233.334,85.2469
2022-12-24,1.90406e+07,6.29858,5.70115,233.4,249.878
2022-12-25,8.0054e+06,4.63608,4.52464,191.154,99.6446
2022-12-26,2.54431e+07,7.90633,7.05411,249.169,494.226
2022-12-27,2.91882e+07,7.92033,7.02903,229.374,496.856
2022-12-28,6.2617e+07,10.8536,10.6789,211.176,1278.56
2022-12-29,6.69595e+07,10.7657,10.5869,228.134,1247.74
2022-12-30,4.99842e+07,9.82183,8.9994,203.922,947.497
2022-12-31,7.19016e+07,10.7975,10.7318,222.299,1258.84
