date,avg_wind_speed_all_stations,avg_wind_speed_cubed,wind_direction_sin,wind_direction_cos,installed_wind_capacity_mw,predicted_wind_generation_kwh,Actual Energy created (kWh),error_kwh,absolute_error_kwh,percentage_error
2022-01-01,7.054416666666667,351.06159578303067,-0.5125071256943168,-0.8586829718310185,9000,31539108.943764113,52426429,-20887320.056235887,20887320.056235887,39.84120310051231
2022-01-02,9.18525,774.9486815159531,-0.7642787616342115,-0.6448860166842479,9000,57644064.45125009,90462445,-32818380.54874991,32818380.54874991,36.2784584793722
2022-01-03,9.257333333333332,793.3369927277038,-0.8468256455604821,-0.5318705914233958,9000,57728248.401493594,91356061,-33627812.598506406,33627812.598506406,36.80961310110164
2022-01-04,6.024500000000001,218.65681920612508,-0.9638557040068944,0.2664248146351498,9000,22685106.192982312,31857845,-9172738.807017688,9172738.807017688,28.7927159135142
2022-01-05,9.960083333333332,988.0727366075006,-0.848786715841927,0.5287353884603109,9000,67952440.01585083,82969962,-15017521.984149173,15017521.984149173,18.099950418380537
2022-01-06,5.6495,180.31424548737496,-0.8182450396146342,-0.574869598383882,9000,19216541.624915484,32129473,-12912931.375084516,12912931.375084516,40.19029934006236
2022-01-07,7.167833333333333,368.2677561173287,-0.8391906937275321,-0.5438372730524301,9000,32348901.017151833,68788528,-36439626.98284817,36439626.98284817,52.973407110627754
2022-01-08,7.288583333333333,387.19467046403184,-0.5252068141912176,-0.8509746190851475,9000,32364679.460865226,63670564,-31305884.539134774,31305884.539134774,49.168536561313914
2022-01-09,6.668583333333333,296.5519253311152,-0.9598341903185152,0.2805678654008692,9000,29306710.182495333,44554725,-15248014.817504667,15248014.817504667,34.223115096108586
2022-01-10,3.084166666666667,29.33685248900464,-0.1150165257719847,-0.9933635783535364,9000,2965137.775019006,2917080,48057.77501900587,48057.77501900587,1.6474616746543074
2022-01-11,4.769666666666667,108.50858168996297,-0.1816699378608267,-0.9833595647969482,9000,11969625.055281602,20457320,-8487694.944718398,8487694.944718398,41.489769650757765
2022-01-12,2.960166666666667,25.9387170466713,-0.971654800280482,-0.236404207009725,9000,3114544.2840339313,6631363,-3516818.7159660687,3516818.7159660687,53.0331202795876
2022-01-13,4.631083333333334,99.32253322772976,-0.9352060454600324,-0.3541040137233802,9000,12484850.046745028,25341023,-12856172.953254972,12856172.953254972,50.732651768853096
2022-01-14,2.898083333333333,24.340674453375573,-0.9993107935633252,0.0371205854996572,9000,2915495.0919700484,6350031,-3434535.9080299516,3434535.9080299516,54.08691560765533
2022-01-15,3.2825,35.36830151562499,0.1305569209285157,-0.9914408153781372,9000,3812578.4358517188,11145094,-7332515.564148281,7332515.564148281,65.79141965198572
2022-01-16,5.90875,206.29411832617183,-0.9999855533060524,-0.005375237593663,9000,23159343.17791513,35472164,-12312820.82208487,12312820.82208487,34.71121982319678
2022-01-17,5.735166666666667,188.64188596542132,-0.833553070237567,0.5524393895238877,9000,19790153.452146623,41698971,-21908817.547853377,21908817.547853377,52.540427311391866
2022-01-18,3.1001666666666665,29.79580525833796,-0.8371480913435004,-0.5469763003640417,9000,3253054.172764755,8452938,-5199883.827235245,5199883.827235245,61.51569817778441
2022-01-19,6.277416666666666,247.36763011359315,-0.9999232568833432,0.0123887184086048,9000,25962900.60474482,42145583,-16182682.395255178,16182682.395255178,38.397101768067074
2022-01-20,8.939166666666667,714.3171936244214,-0.3641060815201931,0.9313574831395356,9000,58207998.72809648,66424980,-8216981.271903522,8216981.271903522,12.370318021779642
2022-01-21,6.3780833333333335,259.4600920058756,-0.6627803756093449,0.7488138444948356,9000,23680959.07796588,32182310,-8501350.922034118,8501350.922034118,26.416223453301264
2022-01-22,4.03025,65.46300843064061,-0.8745019782458155,0.4850219480025159,9000,9203503.995542372,12682864,-3479360.0044576284,3479360.0044576284,27.43355132135477
2022-01-23,2.1747500000000004,10.28556181404688,-0.5900429984279028,-0.8073718226481588,9000,826057.3338761202,689437,136620.33387612016,136620.33387612016,19.81621727237154
2022-01-24,1.8696666666666668,6.535706723296298,0.2733131778152422,-0.9619251045858684,9000,751178.8700223609,496717,254461.87002236093,254461.87002236093,51.22874192394481
2022-01-25,1.8619166666666669,6.454769205791088,-0.3828179354309892,-0.9238238080458604,9000,778606.1065391426,1817465,-1038858.8934608574,1038858.8934608574,57.15977438139702
2022-01-26,5.624583333333334,177.9389677733652,-0.9261683945947042,-0.3771102025321886,9000,18546606.049431175,39411626,-20865019.950568825,20865019.950568825,52.94128171867059
2022-01-27,8.941416666666667,714.8567131290932,-0.995324434002228,0.0965881518517912,9000,57606398.99482295,90256391,-32649992.00517705,32649992.00517705,36.17471476914809
2022-01-28,5.992500000000001,215.19101207812503,-0.99963506943672,-0.0270134772334896,9000,23395837.06514814,41317533,-17921695.93485186,17921695.93485186,43.37552277105184
2022-01-29,10.048666666666666,1014.6711685976294,-0.9971695634220392,-0.0751855157906095,9000,68505168.24824212,104282220,-35777051.751757875,35777051.751757875,34.3079115037615
2022-01-30,6.799083333333333,314.3048571408964,-0.9428236496234268,0.3332920126717136,9000,31792490.174943306,54720860,-22928369.825056694,22928369.825056694,41.90060211966094
2022-01-31,12.560666666666666,1981.7007399469628,-0.7623118387599322,0.6472099045027441,9000,85004204.51361296,92111225,-7107020.486387044,7107020.486387044,7.715694245068443
2022-02-01,9.219166666666666,783.5649462077546,-0.9760148087507312,0.2177041412083698,9000,57608171.64986925,88222976,-30614804.35013075,30614804.35013075,34.701622795099034
2022-02-02,5.940250000000001,209.6110478137657,-0.9795222916677688,0.2013357398126875,9000,23189066.00943135,47223750,-24034683.99056865,24034683.99056865,50.89533124872262
2022-02-03,6.603166666666667,287.9100185817546,-0.7344604079796753,-0.6786515373226005,9000,29511138.102353916,57076379,-27565240.897646084,27565240.897646084,48.29535681940525
2022-02-04,9.268666666666666,796.2543008376296,-0.9481370273500588,-0.3178618841065946,9000,57736224.04041951,90001481,-32265256.95958049,32265256.95958049,35.84969558398765
2022-02-05,10.18225,1055.6775053201409,-0.928809768487429,-0.3705568970648483,9000,69853482.89957257,92904722,-23051239.100427434,23051239.100427434,24.811698053870106
2022-02-06,11.954583333333334,1708.4541625702404,-0.9935802518636954,-0.1131294970663076,9000,77836051.39097443,110041380,-32205328.609025568,32205328.609025568,29.266561914277673
2022-02-07,8.446666666666667,602.6373816296298,-0.9766562262154452,0.2148083233829754,9000,47902788.024513714,81228181,-33325392.975486286,33325392.975486286,41.02688570052589
2022-02-08,8.528916666666667,620.414034106437,-0.878873071246965,-0.4770556829521341,9000,50882996.11121784,89036038,-38153041.88878216,38153041.88878216,42.85123501203205
2022-02-09,6.862916666666666,323.24080259772853,-0.8147358242100042,-0.5798323350321584,9000,31756305.551021803,58635375,-26879069.448978197,26879069.448978197,45.84104638024093
2022-02-10,5.18825,139.65699215276564,-0.997147343536523,-0.0754796348563992,9000,15993448.76347029,24552536,-8559087.23652971,8559087.23652971,34.86029808297485
2022-02-11,6.5600000000000005,282.30041600000004,-0.8169605074562212,0.5766936181863586,9000,26937492.23190257,55493204,-28555711.76809743,28555711.76809743,51.458033974930395
2022-02-12,6.5592500000000005,282.2036014695782,-0.1085699990179092,-0.9940888065526396,9000,28867587.561443843,54026824,-25159236.438556157,25159236.438556157,46.568046344083
2022-02-13,8.399083333333333,592.5099811742298,-0.1311058098757664,-0.9913683808841288,9000,49000087.975734964,91635032,-42634944.024265036,42634944.024265036,46.52690471507124
2022-02-14,9.443666666666669,842.2130143959631,-0.64316988645534,-0.7657235122137919,9000,58326908.581796736,100724680,-42397771.418203264,42397771.418203264,42.092733794938106
2022-02-15,8.049249999999999,521.5143329589529,-0.7886690559770847,-0.6148179569142511,9000,42803790.95952811,75675931,-32872140.04047189,32872140.04047189,43.43803849664154
2022-02-16,11.638833333333334,1576.6247779284124,-0.8197999888704356,-0.5726499613621165,9000,78496589.1477122,95229705,-16733115.8522878,16733115.8522878,17.571319634233664
2022-02-17,11.8575,1667.168131359375,-0.9980043312050132,-0.063145505746922,9000,77504919.74501306,93011100,-15506180.254986942,15506180.254986942,16.671322299152404
2022-02-18,12.3815,1898.1030453683743,-0.7930839358751898,-0.6091123629156757,9000,82115616.45620805,46476749,35638867.45620805,35638867.45620805,76.68106789527825
2022-02-19,11.264833333333334,1429.4675854512454,-0.9610930311560852,-0.2762248820494058,9000,75255711.4028072,104606406,-29350694.597192794,29350694.597192794,28.058219108677523
2022-02-20,11.877666666666666,1675.688925227296,-0.8494744633031706,-0.5276297339951477,9000,78302580.60099754,91828883,-13526302.399002463,13526302.399002463,14.729899740806454
2022-02-21,12.748333333333331,2071.8591687453704,-0.9705115965682546,0.2410544356085103,9000,85800784.57625371,103750153,-17949368.423746288,17949368.423746288,17.300570557950202
2022-02-22,8.229833333333334,557.4079012358287,-0.9918842358609335,-0.1271442592120142,9000,47881255.78294989,74996977,-27115721.217050113,27115721.217050113,36.155752273921806
2022-02-23,7.495666666666667,421.1441724186296,-0.8075099726036739,-0.5898539176318267,9000,40124211.91202537,66353676,-26229464.08797463,26229464.08797463,39.52978292864231
2022-02-24,9.443166666666666,842.0792472184213,-0.8727255065251223,-0.488211214804073,9000,58502919.59696359,92713781,-34210861.40303641,34210861.40303641,36.89943505058478
2022-02-25,7.991416666666667,510.3537675343016,-0.9617802061899632,0.2738226341652416,9000,40432162.56799337,71625448,-31193285.432006627,31193285.432006627,43.550562409056944
2022-02-26,3.431083333333333,40.39185500272975,0.3239316544777398,-0.9460804845399328,9000,4992804.268100839,6554986,-1562181.731899161,1562181.731899161,23.831961378699525
2022-02-27,5.587166666666667,174.41140475308796,0.7189329793823799,-0.6950793991742055,9000,20088896.993197836,36970179,-16881282.006802164,16881282.006802164,45.66188875310061
2022-02-28,5.2805,147.239773560125,0.3133584663223409,-0.9496349148931448,9000,17853209.068459976,26205947,-8352737.931540024,8352737.931540024,31.873444342767023
2022-03-01,2.6750833333333333,19.143085836979743,0.5884207405908806,-0.8085549035424122,9000,1253155.4080420153,3081035,-1827879.5919579847,1827879.5919579847,59.3268038810979
2022-03-02,3.9271666666666665,60.56726997475462,0.9890245181407435,0.1477514890499249,9000,7364152.904409897,15835589,-8471436.095590103,8471436.095590103,53.49618568396858
2022-03-03,4.390916666666667,84.65752834222859,0.9786691474157052,-0.2054426924877513,9000,13208899.771108532,24322039,-11113139.228891468,11113139.228891468,45.69164299461681
2022-03-04,4.440416666666667,87.55302831257234,0.931542771275338,-0.3636317715555993,9000,13785267.864900649,25202098,-11416830.135099351,11416830.135099351,45.3011099913164
2022-03-05,4.1531666666666665,71.63711362758795,0.93673442597677,0.3500408764558374,9000,9739827.762159815,19551558,-9811730.237840185,9811730.237840185,50.18387914579587
2022-03-06,5.441999999999999,161.16681088799993,0.6930796176624414,0.7208610431843879,9000,21405433.16617256,34374484,-12969050.83382744,12969050.83382744,37.72871422252459
2022-03-07,3.6049166666666665,46.847421193853584,0.9999320386389352,0.0116583919724508,9000,5447216.695430061,16864089,-11416872.30456994,11416872.30456994,67.69931245364003
2022-03-08,5.5495,170.907675412375,0.7256555729840173,-0.6880581293737017,9000,19653427.73548787,40214992,-20561564.26451213,20561564.26451213,51.129101964043976
2022-03-09,4.559916666666667,94.81361769499944,0.4880835034581827,-0.872796937237973,9000,11917329.071033476,15848526,-3931196.928966524,3931196.928966524,24.804811052879767
2022-03-10,4.70625,104.2377385253906,0.6432842230506514,-0.7656274605668999,9000,12322039.370245136,19420437,-7098397.629754864,7098397.629754864,36.551173538241514
2022-03-11,7.180000000000001,370.1462320000001,0.670260211617037,-0.7421261676582256,9000,34580041.538780846,73974650,-39394608.461219154,39394608.461219154,53.2542005419683
2022-03-12,6.19825,238.1262469571406,0.2114452982939317,-0.9773898330908656,9000,26243332.970094457,43943666,-17700333.029905543,17700333.029905543,40.27960031806528
2022-03-13,6.0142500000000005,217.54265801864068,0.4003361888246791,-0.9163683407436832,9000,24598057.483790744,38433410,-13835352.516209256,13835352.516209256,35.998243497543555
2022-03-14,4.210583333333333,74.64948247290681,-0.6948221031849608,-0.7191816494639082,9000,9006024.25102916,24094276,-15088251.74897084,15088251.74897084,62.62172703994443
2022-03-15,2.7246666666666663,20.22740340829629,0.5683295817655674,-0.8228010005403343,9000,1278347.461404342,2235793,-957445.538595658,957445.538595658,42.82353234828349
2022-03-16,5.382666666666666,155.95254199229626,0.6993154228837161,-0.7148132198812284,9000,19359207.23645647,39760766,-20401558.76354353,20401558.76354353,51.31077898132931
2022-03-17,5.709833333333333,186.1531094258287,-0.992469190998678,-0.1224945097481088,9000,18726129.35662853,50811314,-32085184.64337147,32085184.64337147,63.14574868772627
2022-03-18,3.539416666666667,44.33993731355151,0.8457020917395638,0.5336552932627263,9000,5361882.911235115,15381167,-10019284.088764885,10019284.088764885,65.13994737047511
2022-03-19,6.5183333333333335,276.9553103287037,0.9711329378401916,0.2385389214402517,9000,28853778.848827604,68950030,-40096251.1511724,40096251.1511724,58.152623213031816
2022-03-20,5.093583333333333,132.15093719205265,0.97452879180359,-0.2242624220546885,9000,16401082.163807375,52450619,-36049536.83619262,36049536.83619262,68.73043163931511
2022-03-21,2.9448333333333334,25.53772235791204,0.6110898893621216,-0.7915612087004958,9000,2720248.8028334444,3427228,-706979.1971665556,706979.1971665556,20.628309443274727
2022-03-22,2.482666666666667,15.302248125629632,0.9984790268549384,-0.0551328661581775,9000,954811.7456134812,1929372,-974560.2543865188,974560.2543865188,50.51178592757223
2022-03-23,2.533,16.251953436999997,0.9084186512730348,0.4180616629389501,9000,991740.1291053214,2709897,-1718156.8708946786,1718156.8708946786,63.40303232538649
2022-03-24,2.38375,13.545096958984375,0.4389314822098606,0.8985205361732446,9000,949747.9361797714,2876937,-1927189.0638202284,1927189.0638202284,66.98753096853454
2022-03-25,3.02825,27.76995510776562,0.5081453495123378,0.8612713299355692,9000,2792548.639705028,7431475,-4638926.360294972,4638926.360294972,62.42268675188939
2022-03-26,3.4621666666666666,41.49960013850463,0.4202279942334669,0.9074185543962154,9000,4725704.055043226,15735890,-11010185.944956774,11010185.944956774,69.96862551121528
2022-03-27,3.7511666666666663,52.78360906408797,0.6623713767043281,0.749175653183426,9000,6511853.9633736955,14390510,-7878656.0366263045,7878656.0366263045,54.7489702354281
2022-03-28,2.54525,16.48888687095313,0.5492396009022785,0.8356649213654394,9000,1374203.095419095,4237584,-2863380.904580905,2863380.904580905,67.57107126562931
2022-03-29,3.3745,38.42627596862499,0.8134313473965318,0.5816609348002175,9000,4628067.502096299,10400878,-5772810.497903701,5772810.497903701,55.503107505959605
2022-03-30,4.204916666666667,74.34849470635359,0.7207989396150637,0.6931442048014249,9000,8908051.900000103,24987698,-16079646.099999897,16079646.099999897,64.35024987095609
2022-03-31,8.422416666666667,597.4618344395307,0.5571328241469039,0.8304233957795837,9000,47168803.96924741,67639756,-20470952.03075259,20470952.03075259,30.264674566171696
2022-04-01,9.175833333333332,772.5677050526621,0.6730425263328833,0.7396037842976806,9000,62635677.2486822,98567429,-35931751.7513178,35931751.7513178,36.45398091018261
2022-04-02,5.925,208.000828125,0.5054530379852147,0.8628541165176864,9000,22116496.171898022,46575101,-24458604.828101978,24458604.828101978,52.514335563334534
2022-04-03,4.10425,69.1355497455156,-0.9022196667553976,0.4312767938572389,9000,9955585.007480266,19620261,-9664675.992519734,9664675.992519734,49.2586515160004
2022-04-04,9.640333333333333,895.9342768133702,-0.9451945073710768,-0.3265077996549964,9000,66001226.21469744,95636112,-29634885.785302557,29634885.785302557,30.987129407040886
2022-04-05,6.733083333333334,305.2403682995215,-0.9931635949417013,-0.1167307743591052,9000,31817248.307433657,58292330,-26475081.692566343,26475081.692566343,45.41777913589377
2022-04-06,10.564666666666666,1179.145496421629,-0.7732440135520342,-0.6341085833719188,9000,74021603.95191275,108200375,-34178771.048087254,34178771.048087254,31.588403504227465
2022-04-07,12.374833333333331,1895.0386650937453,-0.9541503499437964,-0.2993277629992426,9000,81542748.92405988,112905348,-31362599.075940117,31362599.075940117,27.77777991166558
2022-04-08,6.694,299.955703384,-0.8751898773770374,0.4837795763948354,9000,30659505.57808266,57849555,-27190049.42191734,27190049.42191734,47.00131128392836
2022-04-09,7.721583333333333,460.38279846480265,-0.8525210706915424,0.5226928582130678,9000,40215697.1275997,69030738,-28815040.8724003,28815040.8724003,41.742333498448616
2022-04-10,3.62425,47.60520533551564,-0.9602578368797984,0.2791144688312131,9000,7315179.193516227,19664055,-12348875.806483772,12348875.806483772,62.79923345659769
2022-04-11,4.59275,96.87649498142186,0.9459415344394384,-0.3243371909330793,9000,15867234.40679916,27665946,-11798711.59320084,11798711.59320084,42.64705639633953
2022-04-12,4.712999999999999,104.68689509699996,0.6390083927169834,-0.7691997621146651,9000,12305949.945800692,26738235,-14432285.054199308,14432285.054199308,53.976206934374346
2022-04-13,3.8925,58.97743270312501,-0.828506213906482,-0.5599798688509674,9000,7972911.994867057,9712034,-1739122.0051329434,1739122.0051329434,17.906877232235217
2022-04-14,2.9995,26.986502249874995,-0.9290539110135476,0.3699443612631922,9000,3157972.0858741086,11275142,-8117169.914125891,8117169.914125891,71.99173113851596
2022-04-15,3.234,33.823616904,0.7114087017990571,0.7027785277059767,9000,3569519.4753782316,9350542,-5781022.524621768,5781022.524621768,61.825534013127445
2022-04-16,4.154166666666667,71.6888724681713,0.9934160747550552,-0.1145622207285558,9000,9857996.949849663,26212077,-16354080.050150337,16354080.050150337,62.391393288484295
2022-04-17,4.1045,69.14818416612499,0.7772290235561584,-0.6292178040567039,9000,7649994.496689571,17270480,-9620485.503310429,9620485.503310429,55.70479513777514
2022-04-18,3.421583333333333,40.05727162521932,0.4316538831690234,-0.9020393146338485,9000,4963535.512462733,9215534,-4251998.487537267,4251998.487537267,46.13946937353025
2022-04-19,4.156000000000001,71.78382841600003,0.8521887448296834,0.5232345011422782,9000,9763655.59229435,30350615,-20586959.40770565,20586959.40770565,67.83045222545128
2022-04-20,5.1185,134.099797756625,0.9027794764162852,0.4301037281418727,9000,14876194.394189507,42138852,-27262657.605810493,27262657.605810493,64.69720059248527
2022-04-21,5.420583333333334,159.27150223311523,0.892095795884138,0.4518463134361576,9000,20940064.737408355,51713024,-30772959.262591645,30772959.262591645,59.50717417452061
2022-04-22,6.8220833333333335,317.5053593111256,0.9338017211218456,0.3577909244655023,9000,33592217.4119624,72198200,-38605982.5880376,38605982.5880376,53.47222311364771
2022-04-23,7.559833333333333,432.05263982999526,0.9685289466312892,0.248900943222973,9000,40427108.33045651,85484526,-45057417.66954349,45057417.66954349,52.708273389202034
2022-04-24,7.075333333333333,354.19360485837035,0.6778747596607265,0.7351774005061038,9000,33718732.35080981,78443077,-44724344.64919019,44724344.64919019,57.01503097486881
2022-04-25,5.806333333333333,195.75185818737032,0.6249583450685586,0.7806580986124262,9000,21025281.27689079,38116386,-17091104.72310921,17091104.72310921,44.83925816867636
2022-04-26,5.3155833333333335,150.1940724446777,0.1049704510069154,0.99447534128072,9000,19128454.006689906,37224999,-18096544.993310094,18096544.993310094,48.61395696292723
2022-04-27,2.9996666666666667,26.991000999962964,0.1039548458405071,0.9945820177472928,9000,2874754.158385237,5774790,-2900035.841614763,2900035.841614763,50.218896992180895
2022-04-28,4.084583333333333,68.1464572212818,0.6165890218551313,0.7872851949120676,9000,7682637.945307372,18469428,-10786790.054692628,10786790.054692628,58.403487399245
2022-04-29,4.886666666666667,116.69121096296296,0.5659470897997119,0.8244415634520357,9000,11175792.12058976,29831207,-18655414.87941024,18655414.87941024,62.53657412993796
2022-04-30,3.999333333333333,63.96800533303704,-0.051391233132232,0.9986785975263256,9000,7190703.531904879,9650353,-2459649.468095121,2459649.468095121,25.48766317765911
2022-05-01,2.0161666666666664,8.195572392004626,0.5166312953495545,0.8562079797954708,9000,892558.0889165513,2629774,-1737215.9110834487,1737215.9110834487,66.05951352030436
2022-05-02,3.1333333333333333,30.76237037037037,0.2087701562576583,0.9779647344644656,9000,3059452.7314710254,9997463,-6938010.268528975,6938010.268528975,69.39770888403362
2022-05-03,3.829833333333333,56.17455286916203,0.1807001484819823,0.9835382332876488,9000,7218313.559404414,14963378,-7745064.440595586,7745064.440595586,51.76013357809705
2022-05-04,1.7433333333333332,5.298358037037036,-0.5566846238618454,0.8307239189741654,9000,958766.240333978,1410328,-451561.75966602203,451561.75966602203,32.01820850653338
2022-05-05,2.472583333333333,15.116554443698492,-0.9996914666204336,-0.0248389123410487,9000,1511092.9962127476,3143715,-1632622.0037872524,1632622.0037872524,51.93288843890914
2022-05-06,3.23,33.698267,-0.905073128409594,-0.4252559608410808,9000,4052870.564243711,8892176,-4839305.4357562885,4839305.4357562885,54.42206087414698
2022-05-07,4.156833333333333,71.82701791491203,-0.0580090567767969,0.9983160568336394,9000,7467313.77836805,23727088,-16259774.22163195,16259774.22163195,68.52831759899044
2022-05-08,4.64075,99.94579343042186,0.5284277340367597,0.8489782858829639,9000,10120030.354607308,22912593,-12792562.645392692,12792562.645392692,55.83201624273906
2022-05-09,2.4796666666666667,15.24684242662963,0.8542764295823744,-0.5198189895146103,9000,974250.8399655042,2830115,-1855864.1600344959,1855864.1600344959,65.57557413866559
2022-05-10,6.355166666666666,256.6733824170879,-0.6723733765437193,-0.7402121604750882,9000,27469065.463464748,52486957,-25017891.536535252,25017891.536535252,47.66496853024886
2022-05-11,7.35925,398.56638681957816,-0.8569387830679993,-0.5154182011473173,9000,34714244.81348684,75444298,-40730053.18651316,40730053.18651316,53.98692050459951
2022-05-12,5.608833333333333,176.448351555912,-0.9540179545875676,-0.2997494659287218,9000,18634737.744334497,43933410,-25298672.255665503,25298672.255665503,57.58413074620318
2022-05-13,7.3515,397.30852586587497,-0.9140343241008368,-0.4056368503545093,9000,34719507.697329104,71461736,-36742228.302670896,36742228.302670896,51.41524731874817
2022-05-14,3.10825,30.029481042765624,-0.9413008847435764,0.3375687254189291,9000,3239742.8657147223,9049569,-5809826.134285278,5809826.134285278,64.20003134166143
2022-05-15,4.792916666666667,110.1031221446036,0.9943244809498728,0.1063899740754085,9000,15450016.34029122,27699815,-12249798.65970878,12249798.65970878,44.22339520934988
2022-05-16,5.564916666666666,172.33599493468685,-0.5159960292920277,-0.8565909745933942,9000,19135949.94175093,40965575,-21829625.05824907,21829625.05824907,53.28773014475953
2022-05-17,2.8793333333333333,23.871287039703702,-0.5436849821898039,-0.8392893661552449,9000,2714405.792161979,8769582,-6055176.207838021,6055176.207838021,69.04748946800453
2022-05-18,3.653583333333333,48.77048252205265,-0.9700324106981144,-0.2429755588432804,9000,6952996.2898584725,9019115,-2066118.7101415275,2066118.7101415275,22.90822004311429
2022-05-19,4.170916666666667,72.55954298764526,-0.7696901476545462,-0.6384176349408925,9000,9200335.548087172,18815185,-9614849.451912828,9614849.451912828,51.10154086666078
2022-05-20,4.250416666666667,76.78820533861403,-0.9380565578686244,-0.3464821701612772,9000,10102194.450940616,25280080,-15177885.549059384,15177885.549059384,60.03891423231011
2022-05-21,5.742,189.316978488,-0.9931148438253892,-0.1171448119793299,9000,18418578.27520919,51148820,-32730241.72479081,32730241.72479081,63.990218591144064
2022-05-22,2.4155,14.093573523875005,0.6353288269095215,-0.7722417249137548,9000,771065.958389961,5488945,-4717879.041610039,4717879.041610039,85.95238322865394
2022-05-23,4.10075,68.95882941917186,-0.954705542459981,-0.297552225997712,9000,8488394.21923,22385333,-13896938.78077,13896938.78077,62.08055417701402
2022-05-24,6.462000000000001,269.8366031280001,-0.9037182981151818,-0.42812759505993,9000,29690915.75999087,59256481,-29565565.24000913,29565565.24000913,49.89423053996259
2022-05-25,7.836166666666667,481.1837951570048,-0.7831198435508447,-0.6218708150708638,9000,42143674.676319964,72941083,-30797408.323680036,30797408.323680036,42.22230745282468
2022-05-26,7.789583333333334,472.6532879322194,-0.9409668774432222,-0.3384986492657721,9000,41510394.43394416,79169379,-37658984.56605584,37658984.56605584,47.56761394586137
2022-05-27,7.125,361.705078125,-0.9380883834868192,0.3463959941556575,9000,32126396.515003,75184752,-43058355.484997004,43058355.484997004,57.27006386214721
2022-05-28,7.175833333333333,369.50220088599536,-0.5362984372097624,0.8440284273923281,9000,29958937.568952236,64283806,-34324868.43104777,34324868.43104777,53.39582480702491
2022-05-29,5.665666666666667,181.86664662862964,-0.1960795187619711,0.9805879982551662,9000,20503426.959608305,32982165,-12478738.040391695,12478738.040391695,37.83480569086867
2022-05-30,2.4346666666666668,14.431734461629633,-0.7784660457452518,0.6276867177356484,9000,1078353.9907772026,2133090,-1054736.0092227974,1054736.0092227974,49.446390411224904
2022-05-31,2.7222500000000003,20.173628521390636,0.3143445598024964,-0.9493089579913248,9000,1300179.3492495092,3936778,-2636598.650750491,2636598.650750491,66.9735161787251
2022-06-01,3.9355,60.95365466387499,-0.9492990067455996,0.3143746106030481,9000,9000534.278590541,19057102,-10056567.721409459,10056567.721409459,52.77070837638094
2022-06-02,3.352,37.662750208,0.1010351960560321,0.994882851977015,9000,4589586.271951876,8130029,-3540442.7280481244,3540442.7280481244,43.54772569751134
2022-06-03,5.609666666666667,176.52701076996294,0.8741942619399138,0.4855763507331566,9000,21488280.7810403,47882668,-26394387.2189597,26394387.2189597,55.12305040930406
2022-06-04,6.565833333333333,283.054173865162,0.7945807327409249,0.6071585123811531,9000,28234505.666132186,64734611,-36500105.33386782,36500105.33386782,56.38421977057655
2022-06-05,5.39075,156.65619532104685,0.7686141556365316,0.639712654052694,9000,21396608.956120245,40904839,-19508230.043879755,19508230.043879755,47.6917414193459
2022-06-06,7.397583333333333,404.8271196400527,-0.9284901945753884,-0.3713569153487756,9000,38710065.398576386,80860314,-42150248.601423614,42150248.601423614,52.127238340211754
2022-06-07,5.565416666666667,172.38245155475985,-0.9792856008017102,-0.2024838563007763,9000,18965346.504509628,48599227,-29633880.495490372,29633880.495490372,60.976032593050036
2022-06-08,4.913666666666667,118.63615818596296,-0.5407973512384328,-0.8411529140967742,9000,13802795.693678068,24414458,-10611662.306321932,10611662.306321932,43.464664693035296
2022-06-09,4.892166666666666,117.08566652767128,-0.9797966813961132,-0.1999961577760027,9000,14441275.261343667,33747730,-19306454.738656335,19306454.738656335,57.208158115097916
2022-06-10,5.6931666666666665,184.5277531559213,-0.686701479744678,-0.7269395282390892,9000,18686383.554335456,37231768,-18545384.445664544,18545384.445664544,49.81064677257482
2022-06-11,5.7620000000000005,191.3021107280001,-0.8815991564049157,-0.4719988637975106,9000,18981198.922107127,37168274,-18187075.077892873,18187075.077892873,48.93171815805295
2022-06-12,4.710333333333334,104.50929667003706,-0.9865738858055746,-0.1633155468609436,9000,12289142.875009578,27925385,-15636242.124990422,15636242.124990422,55.992933042786774
2022-06-13,4.849083333333334,114.01945035027144,-0.8600260559466373,0.5102501181703651,9000,13376315.715138445,37659882,-24283566.284861557,24283566.284861557,64.48125961961739
2022-06-14,3.1645833333333333,31.69199724211516,-0.5238932234609933,0.8517839458522622,9000,3389853.102589872,4298562,-908708.8974101278,908708.8974101278,21.139834610042328
2022-06-15,3.6800833333333336,49.83941767666725,0.7981146660200283,0.602505584939873,9000,5987232.294504702,12135413,-6148180.705495298,6148180.705495298,50.66313528427337
2022-06-16,2.0469166666666667,8.576310313395256,0.8876537758644616,0.4605114267784939,9000,690813.2203906636,2193461,-1502647.7796093365,1502647.7796093365,68.50578969078258
2022-06-17,4.78225,109.36965130764064,-0.3951502566703773,-0.9186165003162826,9000,12181365.537545541,23381669,-11200303.462454459,11200303.462454459,47.902070046644056
2022-06-18,4.6595,101.16212609487496,-0.0409074745371915,0.9991629389278752,9000,10495529.42741549,29614703,-19119173.57258451,19119173.57258451,64.55973430692352
2022-06-19,5.3755,155.330449343875,0.1143648846097448,0.9934388119900488,9000,21093500.513426833,33805667,-12712166.486573167,12712166.486573167,37.60365528824847
2022-06-20,4.937666666666667,120.38303947396298,-0.2789308576014545,0.9603111874167232,9000,11726225.261471236,35526197,-23799971.738528766,23799971.738528766,66.99273704564766
2022-06-21,2.6481666666666666,18.57102796467129,0.1289955960599947,0.9916451664769644,9000,1433756.938609194,3399139,-1965382.061390806,1965382.061390806,57.819996810686646
2022-06-22,3.5347500000000003,44.164783869046886,0.5360390442402061,0.8441931905968244,9000,5022145.235947705,14764700,-9742554.764052294,9742554.764052294,65.98545696189082
2022-06-23,3.4535,41.188728080375,0.9987448085557428,-0.050087996395868,9000,4898900.133267057,13146338,-8247437.866732943,8247437.866732943,62.73562924316218
2022-06-24,3.44375,40.84085717773438,-0.8418271145699773,-0.539747264166097,9000,5989642.512432244,9309586,-3319943.4875677563,3319943.4875677563,35.66155882299982
2022-06-25,3.843333333333333,56.77068803703703,-0.4971063367677222,-0.8676896276580561,9000,7588582.501900329,14163219,-6574636.498099671,6574636.498099671,46.42049592045191
2022-06-26,3.675,49.633171875,-0.4931738757438657,-0.8699307606262547,9000,6360415.020128828,10547129,-4186713.9798711725,4186713.9798711725,39.695295088086745
2022-06-27,2.9135,24.731193035375,-0.7905276246419396,-0.6124263830681796,9000,2850932.9960647393,5912531,-3061598.0039352607,3061598.0039352607,51.7815129245878
2022-06-28,3.2619166666666666,34.707120634957754,-0.4999171887250156,-0.8660732096175687,9000,3858577.1555564236,11300654,-7442076.844443576,7442076.844443576,65.85527567204143
2022-06-29,3.5155000000000003,43.44715134887501,0.9738266238320178,-0.2272921175842526,9000,5239913.8531515645,12782304,-7542390.1468484355,7542390.1468484355,59.006499507822966
2022-06-30,4.114166666666667,69.63789638483797,-0.9998960554245232,0.0144179869079856,9000,8991355.474799,22916498,-13925142.525201,13925142.525201,60.764705520018815
2022-07-01,6.087083333333334,225.5421635220632,-0.778596935779347,-0.6275243513960327,9000,24304235.740001805,45083671,-20779435.259998195,20779435.259998195,46.09082357112888
2022-07-02,4.400833333333334,85.2324091672454,-0.6096339809145431,-0.7926830446744061,9000,10975555.539497927,22218509,-11242953.460502073,11242953.460502073,50.60174587098564
2022-07-03,4.2482500000000005,76.67083591651566,-0.982963632467816,-0.1838001557281064,9000,9769187.93339616,18132517,-8363329.066603839,8363329.066603839,46.123376399447686
2022-07-04,4.2781666666666665,78.30204395050461,-0.9862049792863202,-0.1655286646803773,9000,10467353.50485527,26141463,-15674109.49514473,15674109.49514473,59.95880756614399
2022-07-05,4.446666666666667,87.92324829629632,-0.8952801830229117,0.4455035284781275,9000,12335061.269271454,28477931,-16142869.730728546,16142869.730728546,56.68554267769152
2022-07-06,5.147166666666666,136.36555775642125,-0.9987904555214884,-0.0491693599630679,9000,15231768.891310278,29860928,-14629159.108689722,14629159.108689722,48.99097278118658
2022-07-07,8.09775,530.9982555073593,-0.5279106742527845,0.8492998999234431,9000,42839334.646175414,73518367,-30679032.353824586,30679032.353824586,41.72975217720027
2022-07-08,3.62625,47.684059962890615,-0.9274592789426244,0.3739241713278602,9000,7339483.02431982,16745596,-9406112.97568018,9406112.97568018,56.1706670558646
2022-07-09,5.6355,178.97705693887497,-0.4680735627047059,0.8836895042360319,9000,19967077.680597816,40843733,-20876655.319402184,20876655.319402184,51.11348494860199
2022-07-10,4.617,98.419153113,-0.6852902537608521,0.7282700516294673,9000,12630540.571239801,26857359,-14226818.428760199,14226818.428760199,52.971769967256265
2022-07-11,2.786583333333333,21.63794964324016,-0.0859113547292387,0.996302784864414,9000,1935729.7466973427,4322950,-2387220.253302657,2387220.253302657,55.22201860541198
2022-07-12,2.952833333333333,25.746417318578693,-0.2862073600490618,-0.9581677029903204,9000,2877605.6482116077,6182038,-3304432.3517883923,3304432.3517883923,53.452152053875956
2022-07-13,4.292583333333334,79.09630668161519,-0.745559837983994,0.6664386903423906,9000,10675752.202700725,23218420,-12542667.797299275,12542667.797299275,54.02033298260292
2022-07-14,3.778,53.924466952,-0.4704730439391309,0.8824143669085678,9000,7307749.357555013,19437002,-12129252.642444987,12129252.642444987,62.40289856658443
2022-07-15,4.2945,79.20230505862502,-0.9836086036560552,0.1803167069735503,9000,11224884.75005669,19239367,-8014482.24994331,8014482.24994331,41.65668366294645
2022-07-16,4.5601666666666665,94.8292131800046,-0.2951306642058571,0.955456901720538,9000,10403747.985340629,28371938,-17968190.01465937,17968190.01465937,63.330851824994724
2022-07-17,2.039083333333333,8.478224741729743,0.6807709486367339,-0.7324963586887251,9000,715574.9770280202,1246424,-530849.0229719798,530849.0229719798,42.58976263069227
2022-07-18,2.3953333333333333,13.74351669837037,0.0951840063814111,-0.9954596952811215,9000,775602.5510670713,2487967,-1712364.4489329287,1712364.4489329287,68.82585054114178
2022-07-19,4.013083333333333,64.63005632285474,0.6825573234806424,-0.7308320601635794,9000,6854907.300558349,9669421,-2814513.699441651,2814513.699441651,29.10736536801584
2022-07-20,5.378916666666667,155.62682164081195,-0.8146132759571497,-0.5800044919087788,9000,19889973.92717667,35323409,-15433435.07282333,15433435.07282333,43.69180526382188
2022-07-21,5.533,169.38775443700004,-0.6889847382442229,0.7247758484293884,9000,20406357.99150954,26137695,-5731337.008490462,5731337.008490462,21.927476805014603
2022-07-22,2.990666666666667,26.748783186962967,-0.1537530582030142,0.9881093042235868,9000,2864149.866285357,4828806,-1964656.1337146428,1964656.1337146428,40.68616825183374
2022-07-23,2.423833333333333,14.239943337995374,-0.793090896487889,0.6091032998663171,9000,1074975.9884317608,2007788,-932812.0115682392,932812.0115682392,46.459686558951404
2022-07-24,4.962583333333333,122.21469772057348,-0.5718883716955595,-0.8203314514995762,9000,13901296.924697801,30147950,-16246653.075302199,16246653.075302199,53.889743996862805
2022-07-25,6.7045,301.3694221161249,-0.8834667341140148,-0.4684938950657914,9000,32026670.82653597,57380910,-25354239.17346403,25354239.17346403,44.18584364288407
2022-07-26,5.382083333333333,155.90184456112556,-0.3813951910992267,0.9244120878733598,9000,20559655.609686125,31561196,-11001540.390313875,11001540.390313875,34.85780573814083
2022-07-27,4.127666666666666,70.32566614396295,0.101137521052074,0.9948724550591604,9000,7344950.405425515,17402466,-10057515.594574485,10057515.594574485,57.793623010523255
2022-07-28,4.643416666666667,100.11818493655151,0.9359028924436776,0.3522581097938811,9000,14347403.386739051,30014434,-15667030.613260949,15667030.613260949,52.19832102534717
2022-07-29,4.208916666666666,74.5608724964369,0.3732928213786695,0.9277135708326966,9000,7277820.223032927,17026833,-9749012.776967073,9749012.776967073,57.256759239766275
2022-07-30,3.1136666666666666,30.18674958596296,-0.9960572765482978,0.0887124671914143,9000,3305778.882242957,6617509,-3311730.117757043,3311730.117757043,50.04496582863798
2022-07-31,5.98975,214.89489004810935,-0.923644889985622,-0.3832494190516772,9000,23858815.46469254,36887632,-13028816.53530746,13028816.53530746,35.320284412150556
2022-08-01,3.4571666666666667,41.32006070558796,0.166585893756575,0.9860269468941116,9000,4721127.1546334,9596489,-4875361.8453666,4875361.8453666,50.80359958070707
2022-08-02,5.9175,207.21195098437505,-0.572942605309007,-0.8195954923141827,9000,24074879.02594418,44051560,-19976680.97405582,19976680.97405582,45.34840757979018
2022-08-03,4.591583333333333,96.80268699959431,-0.711350591522954,-0.7028373467168229,9000,12849891.577066995,27307311,-14457419.422933005,14457419.422933005,52.94340194438407
2022-08-04,3.604833333333333,46.84417241291203,-0.7606255880966736,0.6491908153482991,9000,7193422.754807105,13380910,-6187487.245192895,6187487.245192895,46.2411543399731
2022-08-05,4.9039166666666665,117.93134306216608,-0.4267425509741279,0.904373150413088,9000,11817618.419523885,31289139,-19471520.580476113,19471520.580476113,62.23092486014432
2022-08-06,3.216416666666667,33.27491169107235,-0.4571269062868913,0.889401479394191,9000,3475078.4871502784,6990676,-3515597.5128497216,3515597.5128497216,50.28980763590991
2022-08-07,2.654583333333333,18.70635147649017,-0.4237265696873501,0.9057901490637836,9000,1444456.638028846,6132490,-4688033.361971154,4688033.361971154,76.44583785658278
2022-08-08,3.5676666666666668,45.4101369972963,0.1442927896464854,0.9895350377101536,9000,5077275.426665581,10332787,-5255511.573334419,5255511.573334419,50.86247856782899
2022-08-09,4.114,69.629433544,0.5763702601226707,0.8171886705321636,9000,7639886.5126316305,21423910,-13784023.48736837,13784023.48736837,64.33943891366408
2022-08-10,4.324416666666666,80.86909769615563,0.8247864080590289,0.5654444102483329,9000,11056941.833208017,19196829,-8139887.166791983,8139887.166791983,42.40224865675463
2022-08-11,4.022333333333333,65.07799647270369,0.8818833497307778,0.4714676632258279,9000,7746417.7151205,16893459,-9147041.2848795,9147041.2848795,54.14546118044564
2022-08-12,4.211833333333334,74.7159860069954,0.8845585342481661,0.4664292009391522,9000,9829438.422497159,16226043,-6396604.577502841,6396604.577502841,39.421839184715836
2022-08-13,3.508166666666667,43.17582583633797,0.9992872912662348,0.0377479736382114,9000,5117387.931734673,11468114,-6350726.068265327,6350726.068265327,55.377249199522495
2022-08-14,3.631333333333333,47.88487396237037,0.99760508501978,0.0691671478570402,9000,5543820.98698803,10882117,-5338296.01301197,5338296.01301197,49.05567559154133
2022-08-15,3.3754166666666667,38.45759941413484,-0.6916948074544265,-0.7221899288556881,9000,5364511.537424649,9669124,-4304612.462575351,4304612.462575351,44.51915667412426
2022-08-16,3.68975,50.23319761685936,-0.769494793029732,-0.638653085407195,9000,7037215.054871189,12804958,-5767742.945128811,5767742.945128811,45.043044617005464
2022-08-17,3.8853333333333335,58.65227364503705,0.7271751098254334,0.6864520082645027,9000,7627267.713149322,16579689,-8952421.286850678,8952421.286850678,53.99631613627178
2022-08-18,2.659083333333333,18.80164480464641,0.1104314187545164,0.9938837465980942,9000,1423404.938549971,5244883,-3821478.061450029,3821478.061450029,72.86107357304307
2022-08-19,3.863083333333333,57.65038741972975,-0.9460915440115336,-0.3238993521911892,9000,8057013.374381383,11291739,-3234725.625618617,3234725.625618617,28.646833101780132
2022-08-20,3.825583333333333,55.987748123636,-0.9795617274106264,-0.2011437848711943,9000,8128525.328457742,12309696,-4181170.671542258,4181170.671542258,33.966481963017266
2022-08-21,3.8859166666666662,58.67869528795776,-0.9057236138636682,-0.4238687713075085,9000,8092705.549003749,17874450,-9781744.45099625,9781744.45099625,54.72472971753676
2022-08-22,2.7785,21.450192961625003,0.9833263071371336,-0.1818498658015658,9000,1474566.240375749,6837138,-5362571.759624251,5362571.759624251,78.43298993854229
2022-08-23,2.8835,23.97506908287499,-0.6595056964962224,-0.7516995651781586,9000,2775920.969135468,3380542,-604621.0308645321,604621.0308645321,17.885328177095037
2022-08-24,3.0246666666666666,27.671491008296297,-0.5956535410149436,-0.8032414699680034,9000,3036791.9671942564,5280392,-2243600.0328057436,2243600.0328057436,42.48927035730953
2022-08-25,4.550666666666667,94.237786066963,0.5829214255193356,0.8125285297578823,9000,9908526.206484966,22494451,-12585924.793515034,12585924.793515034,55.951242346457065
2022-08-26,5.592250000000001,174.8878885845157,-0.2277543116461195,0.9737186316008348,9000,20800961.091193486,35607104,-14806142.908806514,14806142.908806514,41.58199135994467
2022-08-27,4.7467500000000005,106.9520411062969,0.3129567894227395,0.9497673651764472,9000,10072293.458381824,23038270,-12965976.541618176,12965976.541618176,56.28016574863553
2022-08-28,4.843500000000001,113.62605071287504,0.3186284483569065,0.9478796927340886,9000,10315377.270051902,31374900,-21059522.729948096,21059522.729948096,67.12219873194208
2022-08-29,3.6576666666666666,48.93418656729629,0.6113463106819452,0.7913631836366755,9000,5247548.753710691,13326592,-8079043.246289309,8079043.246289309,60.62347557642126
2022-08-30,5.36775,154.6595854704844,0.7949334273210524,0.6066966673120968,9000,21469941.978127945,43160509,-21690567.021872055,21690567.021872055,50.255586702816814
2022-08-31,6.384166666666667,260.2032093640047,0.8452766576241404,0.5343288987840371,9000,26275263.381614193,59404799,-33129535.618385807,33129535.618385807,55.76912333023096
2022-09-01,5.2796666666666665,147.17007535996294,0.957041650177898,0.2899504782282068,9000,19178295.830089614,35579395,-16401099.169910386,16401099.169910386,46.09718397378704
2022-09-02,4.887583333333334,116.756891937761,0.9888024641462292,-0.1492303149441991,9000,16334979.445357634,35015547,-18680567.554642364,18680567.554642364,53.3493523737966
2022-09-03,3.948833333333333,61.57528237757871,0.945339631009317,-0.3260873840601144,9000,6875667.974633872,30413798,-23538130.025366127,23538130.025366127,77.39293206776125
2022-09-04,2.7724166666666665,21.30961007182233,0.8129452255527121,-0.5823401585422819,9000,1510741.4767330897,8128841,-6618099.523266911,6618099.523266911,81.41504457113764
2022-09-05,3.5741666666666663,45.65879025983795,0.7989720591328826,-0.6013681474146777,9000,5241119.071309352,11718348,-6477228.928690648,6477228.928690648,55.27424965268695
2022-09-06,3.007833333333333,27.21205273066203,0.3255878112392947,-0.9455118069978848,9000,2891601.7198033202,11814021,-8922419.28019668,8922419.28019668,75.52398358016022
2022-09-07,3.61725,47.32989880795312,0.0845150412656572,-0.9964222035863434,9000,5379929.487781303,10953021,-5573091.512218697,5573091.512218697,50.88177510313088
2022-09-08,4.244833333333333,76.48599646624537,-0.1994649004403286,-0.9799049716642576,9000,8540833.766898025,17048710,-8507876.233101975,8507876.233101975,49.90334302772453
2022-09-09,6.105916666666667,227.64211833420785,-0.2472511876100566,-0.9689514178870976,9000,25378458.21244363,40882712,-15504253.787556369,15504253.787556369,37.92374093860595
2022-09-10,3.810333333333333,55.32085837003704,-0.3332854478232952,0.9428259702984564,9000,7433946.11972737,14239634,-6805687.88027263,6805687.88027263,47.793980380904664
2022-09-11,1.9761666666666664,7.717394628671296,0.2814106920349619,0.9595874230149142,9000,943965.8520142746,97738,846227.8520142746,846227.8520142746,865.8125314762678
2022-09-12,3.764166666666666,53.33429190567129,-0.2381951024024078,-0.971217325417698,9000,6241907.083236174,13429457,-7187549.916763826,7187549.916763826,53.52077836627219
2022-09-13,3.7505,52.75547156262501,-0.3494251236851916,0.9369642911752766,9000,6309341.67920755,10243235,-3933893.3207924496,3933893.3207924496,38.404794196291014
2022-09-14,3.0089166666666665,27.24146627143692,0.0245190045358439,0.9996993640172884,9000,2843473.2636093176,4421944,-1578470.7363906824,1578470.7363906824,35.6963076961328
2022-09-15,6.454166666666667,268.856492259838,-0.6319309994785548,0.7750246524453496,9000,24427117.8342551,37973500,-13546382.1657449,13546382.1657449,35.673251519467264
2022-09-16,8.215083333333334,554.4162101023966,-0.5953343431007528,0.8034780768165334,9000,45257472.18175054,59979142,-14721669.818249457,14721669.818249457,24.544648901862345
2022-09-17,9.1835,774.5058296078751,-0.5201250573989896,0.8540901150731682,9000,57467200.830886446,68433888,-10966687.169113554,10966687.169113554,16.025228859002656
2022-09-18,8.133333333333333,538.0290370370369,-0.5895734860963303,0.8077147420297714,9000,42833609.66400409,52976844,-10143234.335995913,10143234.335995913,19.146543225557025
2022-09-19,6.500249999999999,274.6566887187656,-0.454623384095933,0.8906837702760513,9000,24703615.851750653,40506506,-15802890.148249347,15802890.148249347,39.01321468765869
2022-09-20,3.7721666666666662,53.67506995433797,-0.1974828873374439,0.9803063343714894,9000,6347637.512435066,8308079,-1960441.4875649344,1960441.4875649344,23.596808450725305
2022-09-21,1.663,4.599141247,0.4061813989068636,-0.91379246614429,9000,751081.6389019905,11129,739952.6389019905,739952.6389019905,6648.869070913743
2022-09-22,2.801083333333333,21.97748985960474,0.177001748650063,-0.984210536915156,9000,2057827.471998651,3386038,-1328210.528001349,1328210.528001349,39.22609634036443
2022-09-23,3.4005,39.321342550125,-0.405392621444206,-0.9141426707459808,9000,5183185.058345752,7406457,-2223271.941654248,2223271.941654248,30.018022674731633
2022-09-24,4.924833333333334,119.44682572291208,0.4489654521117671,0.8935491160591434,9000,11031685.023435552,29941976,-18910290.97656445,18910290.97656445,63.15645626248732
2022-09-25,3.881333333333333,58.471310295703695,-0.6334785357177894,0.7737602631208489,9000,8982887.95400657,7963532,1019355.9540065695,1019355.9540065695,12.800299590766627
2022-09-26,7.403083333333333,405.7307410834797,-0.9907433131409246,-0.1357486186542754,9000,38679162.88693017,69477047,-30797884.113069832,30797884.113069832,44.328142088522895
2022-09-27,5.10725,133.2175220873281,-0.8461521293860286,0.532941435746452,9000,14213274.74397518,25165705,-10952430.25602482,10952430.25602482,43.521253451968946
2022-09-28,2.9385833333333333,25.37546639840683,-0.9008712409510112,0.4340864052552037,9000,3097040.237279469,4319264,-1222223.7627205309,1222223.7627205309,28.297037706436345
2022-09-29,1.765,5.498372125000001,-0.9600098299126476,0.2799662952412121,9000,1075401.469956727,549236,526165.469956727,526165.469956727,95.7995233299942
2022-09-30,5.616416666666667,177.16501214107237,-0.3638829747834818,-0.9314446739676618,9000,19110083.9691921,48668809,-29558725.0308079,29558725.0308079,60.73443266468242
2022-10-01,8.094166666666666,530.2936516765045,-0.9656913171166333,-0.2596926645971009,9000,45454964.35140439,77617310,-32162345.64859561,32162345.64859561,41.43707846689818
2022-10-02,5.735833333333333,188.7076778859953,-0.8947376513626863,0.4465921352128628,9000,18750668.308764633,34740065,-15989396.691235367,15989396.691235367,46.025811095158765
2022-10-03,3.048083333333333,28.31916923150057,-0.9326000671444272,-0.3609115054444919,9000,3285178.867407185,2877318,407860.867407185,407860.867407185,14.175036176299772
2022-10-04,5.896166666666667,204.978945035338,-0.4078042944681074,-0.91306936068043,9000,23888139.9178717,42364661,-18476521.0821283,18476521.0821283,43.61305070310441
2022-10-05,9.617166666666666,889.4907322589211,-0.6632257383379658,-0.7484194145036992,9000,64913399.50730685,99934128,-35020728.49269315,35020728.49269315,35.043812552898
2022-10-06,7.46225,415.5366976101406,-0.9013934210535048,-0.433001039815679,9000,39333474.41845371,59536075,-20202600.58154629,20202600.58154629,33.9333766654021
2022-10-07,7.621083333333333,442.6394641300213,-0.6413299432877799,-0.7672652108902717,9000,42556098.89416375,65036067,-22479968.10583625,22479968.10583625,34.565386781209035
2022-10-08,5.582583333333333,173.98253083349013,-0.9724130392251528,0.2332656878859413,9000,19108284.330177702,38213592,-19105307.669822298,19105307.669822298,49.996105233505126
2022-10-09,4.0455,66.20893719637499,0.3043784626465973,-0.9525511805025983,9000,6787033.421074076,15404852,-8617818.578925924,8617818.578925924,55.942235465332125
2022-10-10,5.485416666666667,165.05506851309318,-0.9999664548034776,-0.0081908038533709,9000,19857145.904519808,28170975,-8313829.095480192,8313829.095480192,29.512038882148
2022-10-11,2.7219166666666665,20.166218783707752,-0.9903502773750016,-0.1385868973000602,9000,1597184.832367211,3718796,-2121611.167632789,2121611.167632789,57.05102317074636
2022-10-12,3.2721666666666667,35.035332912671294,-0.0927779117437214,-0.995686827819106,9000,3790184.1034456133,6019788,-2229603.8965543867,2229603.8965543867,37.03791390252259
2022-10-13,3.4386666666666668,40.6602679442963,-0.7748944616364959,-0.6320906369541359,9000,5885630.16005142,9041591,-3155960.8399485797,3155960.8399485797,34.904928125465744
2022-10-14,3.9815,63.11610066837498,-0.4065187503951305,-0.9136424385815172,9000,7087408.528311588,9642654,-2555245.471688412,2555245.471688412,26.499400182651083
2022-10-15,6.188916666666667,237.0521534676869,-0.5426207229185261,-0.8399778277189084,9000,25940717.38851924,43524452,-17583734.61148076,17583734.61148076,40.399669159489385
2022-10-16,6.0425,220.62258926562504,-0.5352236264778573,-0.8447104057959101,9000,24257181.78549261,52224784,-27967602.21450739,27967602.21450739,53.5523559360387
2022-10-17,5.261583333333333,145.66303666355265,-0.4149268337856126,-0.9098547810528044,9000,17747553.67480499,29972451,-12224897.32519501,12224897.32519501,40.78711255611031
2022-10-18,2.935666666666667,25.29998273862964,-0.6068177121007314,0.7948410308236696,9000,2930835.318003157,9617586,-6686750.681996843,6686750.681996843,69.52628946595168
2022-10-19,5.343,152.530088607,0.9998152265676058,-0.0192227137409625,9000,20250497.91004348,38040146,-17789648.08995652,17789648.08995652,46.765456920056295
2022-10-20,5.34425,152.63716733801562,0.598062234325831,-0.8014496639672355,9000,18972499.5105968,34408994,-15436494.4894032,15436494.4894032,44.86180121802805
2022-10-21,4.473916666666667,89.54960434820777,-0.061821995688338,-0.9980871910054308,9000,11415712.060783463,14237958,-2822245.9392165374,2822245.9392165374,19.821985281994355
2022-10-22,5.37675,155.4388345444219,-0.4788697769010184,-0.877885947473115,9000,19091944.319827147,30035610,-10943665.680172853,10943665.680172853,36.43563650005062
2022-10-23,5.832583333333333,198.41881771369847,0.3459339057927536,-0.9382588836898748,9000,20352823.090158746,30404860,-10052036.909841254,10052036.909841254,33.06062553763199
2022-10-24,9.047333333333334,740.562598047704,-0.5952310600591997,-0.8035545937525349,9000,57532927.06572783,89552052,-32019124.93427217,32019124.93427217,35.754764094375155
2022-10-25,5.476,164.206490176,-0.6430665136894306,-0.7658103283263562,9000,18957331.433994826,37672582,-18715250.566005174,18715250.566005174,49.6787041727195
2022-10-26,5.840999999999999,199.27903832099992,-0.2426414862286856,-0.9701160287103467,9000,19902394.676472172,33004245,-13101850.323527828,13101850.323527828,39.69747019975106
2022-10-27,5.726416666666666,187.779784003364,0.0970620575519567,-0.995278331414776,9000,19933408.84163309,23416653,-3483244.158366911,3483244.158366911,14.8750727030328
2022-10-28,5.2605,145.57308134512496,-0.5044613243777728,-0.8634342894552101,9000,17735736.320478573,25219342,-7483605.679521427,7483605.679521427,29.67407190687777
2022-10-29,3.869333333333333,57.930654359703695,0.1044772565406371,-0.9945272760793148,9000,6615036.511378417,6988857,-373820.4886215832,373820.4886215832,5.348807231591421
2022-10-30,3.969333333333333,62.53925649303703,-0.6238062066331801,-0.7815790533055004,9000,7631753.581062395,6131701,1500052.5810623951,1500052.5810623951,24.463889890625705
2022-10-31,4.590833333333333,96.7552588130787,0.4687756512790906,-0.8833172639362735,9000,11986432.367774254,17768741,-5782308.632225746,5782308.632225746,32.54202777915299
2022-11-01,10.388416666666666,1121.1096246624888,-0.3951370480051762,-0.918622182017044,9000,72187386.81899217,108919385,-36731998.18100783,36731998.18100783,33.72402275408352
2022-11-02,9.32025,809.6227165475156,-0.619866336389716,-0.784707413633127,9000,57638015.530100845,99829675,-42191659.469899155,42191659.469899155,42.263645023285065
2022-11-03,8.246416666666667,560.784270875864,-0.212238569143106,-0.9772178824438728,9000,47973245.59964499,80884452,-32911206.40035501,32911206.40035501,40.68916285710264
2022-11-04,4.20775,74.49888725298437,-0.88271041427998,0.4699173592469916,9000,10926319.457189111,16843598,-5917278.542810889,5917278.542810889,35.13072766763306
2022-11-05,6.264916666666666,245.8928471992702,-0.590087252799935,-0.8073394788334246,9000,27059793.43421538,52673439,-25613645.56578462,25613645.56578462,48.62725132829208
2022-11-06,9.146,765.0566441359997,-0.2757823234212337,-0.9612201153161464,9000,60898190.797686614,106965015,-46066824.202313386,46066824.202313386,43.06718809165164
2022-11-07,8.770000000000001,674.5261330000003,-0.551510117135487,-0.8341682028806908,9000,56612321.752127595,103441470,-46829148.247872405,46829148.247872405,45.271155028899344
2022-11-08,8.611666666666668,638.64811325463,-0.2301199269516717,-0.973162277947392,9000,60623867.70354593,88923159,-28299291.296454072,28299291.296454072,31.824433156332283
2022-11-09,8.32125,576.189991001953,-0.7132578066166332,-0.7009017772130625,9000,48695728.767250605,85758774,-37063045.232749395,37063045.232749395,43.21778810964508
2022-11-10,7.879666666666666,489.2417802266296,-0.6894613424461113,-0.7243224815456206,9000,42896025.03634053,78516050,-35620024.96365947,35620024.96365947,45.36655239745183
2022-11-11,6.749750000000001,307.51270439060943,-0.488322922372931,-0.8726630068274697,9000,30406999.681856327,58440750,-28033750.318143673,28033750.318143673,47.96952523392269
2022-11-12,2.9716666666666667,26.24220225462963,0.3319502787394232,-0.9432968845728364,9000,2894908.7938033193,1592759,1302149.7938033193,1302149.7938033193,81.75435165039528
2022-11-13,3.1591666666666667,31.52953858275463,0.9475627273092876,-0.319569832453229,9000,3378194.5970172817,9676725,-6298530.402982718,6298530.402982718,65.08948433465576
2022-11-14,4.28475,78.66407900967187,0.6847043596075488,-0.7288209244625298,9000,9695034.589303803,26931531,-17236496.410696197,17236496.410696197,64.00117546490839
2022-11-15,6.57475,284.20893763904684,0.2611769175315557,-0.9652909497911576,9000,30914549.161355678,46175748,-15261198.838644322,15261198.838644322,33.050247152778816
2022-11-16,6.323166666666666,252.81561095842127,0.3894824673435108,-0.9210338797416798,9000,28234223.807429716,49849164,-21614940.192570284,21614940.192570284,43.36068743814898
2022-11-17,9.538416666666668,867.8184306447806,0.2745255526488169,-0.9615798047707022,9000,65106986.43632011,107469643,-42362656.56367989,42362656.56367989,39.41825373299127
2022-11-18,5.6498333333333335,180.3461642208287,0.543715192027458,-0.8392697956906018,9000,20008203.873757247,53995416,-33987212.12624276,33987212.12624276,62.94462501454338
2022-11-19,5.35025,153.15184287814063,0.9981517042507304,0.0607715007331765,9000,20506221.60397132,50528612,-30022390.39602868,30022390.39602868,59.41661408793235
2022-11-20,4.154583333333333,71.71044600774015,0.4055445267621052,-0.9140752905605206,9000,8148967.190212565,15220414,-7071446.809787435,7071446.809787435,46.46027900284076
2022-11-21,5.185583333333333,139.4417593119693,0.4794679111497948,-0.8775594123349442,9000,14929153.533858195,30837118,-15907964.466141805,15907964.466141805,51.58706616533297
2022-11-22,7.410916666666667,407.0200369551453,0.0448962789729442,-0.9989916536860474,9000,39630932.55556498,64356294,-24725361.444435023,24725361.444435023,38.419492341238644
2022-11-23,7.129833333333334,362.44167914416215,-0.1824244890281585,-0.9832198664606075,9000,31832317.72955818,69218356,-37386038.270441815,37386038.270441815,54.01173970448217
2022-11-24,7.125666666666667,361.8066188752963,-0.4114671863033109,-0.9114245742767948,9000,31454390.170429867,58941719,-27487328.829570133,27487328.829570133,46.63475937912522
2022-11-25,5.68075,183.32303198542184,-0.7769906303156707,-0.6295121606463665,9000,18608888.256597463,36426468,-17817579.743402537,17817579.743402537,48.91382755913238
2022-11-26,5.458583333333333,162.64466957090684,-0.3247584570185621,-0.9457969891022716,9000,18917491.90115416,27297131,-8379639.0988458395,8379639.0988458395,30.697874801735903
2022-11-27,6.736083333333334,305.648559820334,0.0612218386429306,-0.9981241838935568,9000,34168100.3809882,54002216,-19834115.619011797,19834115.619011797,36.72833651680479
2022-11-28,3.222833333333333,33.47445697107871,-0.5321705552007432,-0.846637171506976,9000,3718505.007131402,14794791,-11076285.992868599,11076285.992868599,74.86612006123372
2022-11-29,2.31425,12.394551524890623,-0.7371662736417507,0.6757113917976635,9000,1042875.8318791469,2606496,-1563620.1681208531,1563620.1681208531,59.98935613639358
2022-11-30,2.0399166666666666,8.488623642499421,0.7823992725729677,0.6227771497713215,9000,724635.1222365681,1369340,-644704.8777634319,644704.8777634319,47.081431767379314
2022-12-01,3.413083333333333,39.75947821035474,0.7737607027644415,0.6334779987161966,9000,4878526.084401331,4146212,732314.0844013309,732314.0844013309,17.662244101394982
2022-12-02,5.846916666666667,199.88523369256197,0.9010459501562909,0.4337236397833846,9000,20811710.86721176,57832145,-37020434.13278824,37020434.13278824,64.01359336194126
2022-12-03,6.286666666666666,248.4627576296296,0.9702045695037408,0.2422872124443653,9000,25967220.08468393,63016503,-37049282.915316075,37049282.915316075,58.792984617562915
2022-12-04,6.114583333333333,228.61283252857345,0.9701356307225344,0.2425631010739069,9000,24837075.60465012,60676870,-35839794.395349875,35839794.395349875,59.066649936540685
2022-12-05,5.319999999999999,150.56876799999995,0.7177336257201239,0.6963177740878407,9000,19463516.440590356,31314100,-11850583.559409644,11850583.559409644,37.844241282392424
2022-12-06,4.0245,65.18321770612499,-0.2909457834277131,0.9567395419369026,9000,7346676.67412954,7216930,129746.6741295401,129746.6741295401,1.797809790721818
2022-12-07,5.269166666666666,146.29376172858792,-0.5952236972502171,0.8035600476826744,9000,18643581.947550714,16308729,2334852.947550714,2334852.947550714,14.316584373624174
2022-12-08,3.6824166666666662,49.93427889078068,-0.8910885735459375,0.4538294328223615,9000,7637260.543035503,12517681,-4880420.456964497,4880420.456964497,38.988215604507715
2022-12-09,2.4232500000000003,14.22966461807813,-0.063820577153444,-0.997961388998493,9000,784602.2275872288,6400083,-5615480.772412771,5615480.772412771,87.74074918110861
2022-12-10,3.582333333333333,45.97248528603703,-0.390458298844282,-0.9206206150546647,9000,5578993.824443933,14062117,-8483123.175556067,8483123.175556067,60.326074484774004
2022-12-11,3.9344166666666665,60.90333199803066,-0.0452717570877964,-0.9989747083936528,9000,6705178.340722076,9863628,-3158449.6592779243,3158449.6592779243,32.02117577100358
2022-12-12,3.2334166666666664,33.8053173821765,0.127227663269082,-0.9918735411830932,9000,3780260.8707179953,2984245,796015.8707179953,796015.8707179953,26.67394502522398
2022-12-13,3.2306666666666666,33.71913710696296,0.5839883543384199,-0.8117620353263043,9000,3772598.011325399,4522965,-750366.9886746011,750366.9886746011,16.590156869986856
2022-12-14,2.588583333333333,17.34548516611516,0.961189406266867,0.2758893352058894,9000,967730.9779333154,2290386,-1322655.0220666844,1322655.0220666844,57.74812726181021
2022-12-15,4.22275,75.29846306204689,-0.9985643673330914,0.0535649539593082,9000,9930167.394097455,17550202,-7620034.605902545,7620034.605902545,43.41850085772543
2022-12-16,3.237083333333333,33.92045266268807,0.6865822528732021,0.7270521370847887,9000,3572673.483044898,5498525,-1925851.5169551019,1925851.5169551019,35.02487516115871
2022-12-17,5.226,142.727683176,-0.0505024755256064,-0.998723935812988,9000,16650488.855728365,35856494,-19206005.144271635,19206005.144271635,53.56353341258527
2022-12-18,5.895833333333333,204.94418221932867,0.3630302295015964,-0.9317773620710144,9000,24300733.545944516,36712311,-12411577.454055484,12411577.454055484,33.80767136684881
2022-12-19,9.158833333333332,768.281663801745,-0.2480834730655992,-0.9687386594906338,9000,60898190.797686614,106532678,-45634487.202313386,45634487.202313386,42.83614010183184
2022-12-20,7.205166666666667,374.0520967379213,-0.4461803900263058,-0.8949430482192561,9000,31763116.340191517,73801266,-42038149.65980849,42038149.65980849,56.96128527091729
2022-12-21,5.55775,171.67103363110934,-0.5082439874059016,-0.8612131265057156,9000,19135949.94175093,38805317,-19669367.05824907,19669367.05824907,50.68729900660023
2022-12-22,4.622833333333333,98.79266668774537,-0.7484824509808715,-0.6631545977927524,9000,12949014.613512782,22399739,-9450724.386487218,9450724.386487218,42.191225471364724
2022-12-23,4.401083333333333,85.24693549293808,-0.8021275330677102,-0.5971527616068685,9000,11406571.566239404,24980033,-13573461.433760596,13573461.433760596,54.337243804924505
2022-12-24,6.298583333333334,249.8783554284069,-0.8028200539605888,-0.5962214026338852,9000,27868550.26816537,44827700,-16959149.73183463,16959149.73183463,37.83185336708025
2022-12-25,4.636083333333334,99.64458467658392,-0.1934490262931057,-0.981110327244724,9000,11825330.979450244,14629057,-2803726.0205497555,2803726.0205497555,19.165459677611178
2022-12-26,7.906333333333333,494.2257408873704,-0.93463108911552,-0.3556187948614877,9000,41348840.43041635,71726339,-30377498.569583647,30377498.569583647,42.35194350234946
2022-12-27,7.920333333333334,496.8558170400371,-0.7589712549106699,-0.6511241311910678,9000,42053062.397657864,76846359,-34793296.602342136,34793296.602342136,45.276441272047954
2022-12-28,10.853583333333336,1278.555059872053,-0.5176624148564762,-0.8555849602727724,9000,75431126.51070477,127731646,-52300519.48929523,52300519.48929523,40.94562399148542
2022-12-29,10.765666666666666,1247.7362319286294,-0.7447087020756186,-0.6673896530909417,9000,76724971.28370208,123990342,-47265370.716297925,47265370.716297925,38.12020352060802
2022-12-30,9.821833333333332,947.4966452244952,-0.4054855716669761,-0.9141014446821016,9000,66991437.59224092,108013848,-41022410.40775908,41022410.40775908,37.978843608792715
2022-12-31,10.7975,1258.8374024843754,-0.6729978137081635,-0.7396444705018973,9000,76572122.31059745,105731450,-29159327.68940255,29159327.68940255,27.578670007270826
