station_id,date,wind_direction_deg,vector_avg_wind_speed_ms,avg_wind_speed_ms,max_wind_speed_ms,max_wind_hour,min_wind_speed_ms,min_wind_hour
225,2022-01-01,199,8.7,8.8,10.0,14,7.0,7
225,2022-01-02,220,11.8,12.3,16.0,21,10.0,1
225,2022-01-03,228,11.3,11.4,15.0,4,8.0,20
225,2022-01-04,286,5.9,8.5,13.0,24,6.0,7
225,2022-01-05,303,12.6,13.8,18.0,9,10.0,24
225,2022-01-06,227,5.6,8.9,17.0,23,3.0,9
225,2022-01-07,249,10.3,11.6,15.0,2,9.0,20
225,2022-01-08,218,6.2,10.1,14.0,24,8.0,7
225,2022-01-09,279,9.4,9.7,14.0,1,3.0,24
225,2022-01-10,171,3.4,3.5,4.0,3,3.0,1
225,2022-01-11,197,6.1,6.5,9.0,13,4.0,1
225,2022-01-12,221,3.4,4.8,9.0,24,1.0,7
225,2022-01-13,222,7.4,7.5,9.0,5,5.0,22
225,2022-01-14,297,2.3,3.4,6.0,1,1.0,18
225,2022-01-15,158,3.4,3.6,5.0,14,2.0,1
225,2022-01-16,272,7.5,8.1,10.0,8,7.0,1
225,2022-01-17,300,7.0,7.3,10.0,4,3.0,24
225,2022-01-18,221,4.0,4.5,7.0,13,2.0,5
225,2022-01-19,279,6.3,8.8,12.0,24,3.0,1
225,2022-01-20,344,12.1,12.3,14.0,5,10.0,21
225,2022-01-21,319,8.2,8.5,10.0,1,7.0,6
225,2022-01-22,305,5.3,5.5,8.0,1,4.0,15
225,2022-01-23,220,1.4,2.5,4.0,1,1.0,3
225,2022-01-24,142,1.6,2.0,3.0,1,1.0,7
225,2022-01-25,159,2.1,2.5,4.0,19,1.0,3
225,2022-01-26,245,7.5,8.3,14.0,24,3.0,1
225,2022-01-27,274,9.9,11.5,14.0,1,10.0,11
225,2022-01-28,258,5.7,8.0,11.0,1,2.0,11
225,2022-01-29,258,11.4,12.9,14.0,11,11.0,5
225,2022-01-30,285,7.0,9.7,14.0,5,4.0,15
225,2022-01-31,311,16.1,17.4,22.0,9,10.0,24
225,2022-02-01,273,11.6,12.0,14.0,12,8.0,1
225,2022-02-02,267,6.1,7.1,12.0,1,3.0,13
225,2022-02-03,218,9.7,9.8,12.0,6,7.0,1
225,2022-02-04,250,11.1,13.7,18.0,12,10.0,1
225,2022-02-05,242,13.3,14.4,18.0,19,11.0,7
225,2022-02-06,262,12.6,15.3,18.0,9,10.0,12
225,2022-02-07,275,9.3,11.6,16.0,1,10.0,8
225,2022-02-08,227,10.9,11.0,12.0,1,10.0,4
225,2022-02-09,222,9.4,9.5,13.0,8,5.0,19
225,2022-02-10,275,6.1,6.7,13.0,23,2.0,2
225,2022-02-11,311,7.0,8.7,16.0,5,2.0,19
225,2022-02-12,189,8.7,8.9,12.0,12,4.0,2
225,2022-02-13,185,10.7,10.8,15.0,23,9.0,3
225,2022-02-14,217,11.8,12.7,16.0,5,9.0,22
225,2022-02-15,225,10.5,11.2,19.0,17,7.0,3
225,2022-02-16,223,15.2,15.5,21.0,19,9.0,1
225,2022-02-17,262,13.8,14.0,19.0,7,7.0,18
225,2022-02-18,231,15.5,17.7,26.0,15,5.0,5
225,2022-02-19,253,13.3,15.3,21.0,1,12.0,14
225,2022-02-20,232,14.8,16.2,23.0,20,8.0,3
225,2022-02-21,284,15.3,17.2,21.0,1,11.0,22
225,2022-02-22,254,9.2,11.0,15.0,13,6.0,6
225,2022-02-23,227,9.5,10.1,13.0,22,8.0,4
225,2022-02-24,241,11.2,13.6,16.0,11,10.0,15
225,2022-02-25,287,9.7,10.7,15.0,1,3.0,24
225,2022-02-26,171,2.6,3.5,5.0,15,2.0,2
225,2022-02-27,133,5.2,5.3,8.0,12,3.0,5
225,2022-02-28,153,5.3,5.3,7.0,9,4.0,18
225,2022-03-01,110,2.3,3.0,6.0,24,1.0,13
225,2022-03-02,83,5.6,5.6,7.0,9,5.0,2
225,2022-03-03,91,5.7,5.8,8.0,15,4.0,5
225,2022-03-04,95,5.0,5.1,6.0,5,4.0,9
225,2022-03-05,65,4.8,5.3,8.0,22,3.0,9
225,2022-03-06,49,7.0,7.2,9.0,3,5.0,19
225,2022-03-07,87,4.7,4.9,8.0,16,2.0,6
225,2022-03-08,132,5.7,5.8,8.0,10,4.0,1
225,2022-03-09,142,4.6,4.6,6.0,4,3.0,19
225,2022-03-10,133,4.5,4.7,6.0,13,4.0,2
225,2022-03-11,131,6.9,7.0,9.0,14,5.0,1
225,2022-03-12,167,4.9,5.7,9.0,10,2.0,15
225,2022-03-13,157,5.6,6.0,8.0,1,4.0,18
225,2022-03-14,207,5.4,5.8,8.0,6,3.0,20
225,2022-03-15,143,1.9,3.1,4.0,1,1.0,20
225,2022-03-16,130,5.8,6.0,8.0,9,3.0,3
225,2022-03-17,261,5.9,7.5,12.0,3,4.0,21
225,2022-03-18,75,2.7,4.6,8.0,20,1.0,8
225,2022-03-19,77,9.2,9.3,13.0,14,7.0,2
225,2022-03-20,103,5.6,6.9,11.0,8,3.0,14
225,2022-03-21,112,1.7,3.9,5.0,3,2.0,2
225,2022-03-22,77,3.0,3.6,6.0,21,2.0,8
225,2022-03-23,76,4.0,4.2,6.0,11,1.0,20
225,2022-03-24,36,2.3,3.3,5.0,1,1.0,9
225,2022-03-25,19,3.7,4.0,6.0,13,2.0,5
225,2022-03-26,19,3.7,4.0,8.0,16,0.0,6
225,2022-03-27,57,4.9,5.5,8.0,15,4.0,7
225,2022-03-28,50,3.2,4.2,6.0,1,2.0,10
225,2022-03-29,72,5.8,5.8,7.0,7,4.0,2
225,2022-03-30,52,5.6,5.8,10.0,20,3.0,4
225,2022-03-31,36,9.5,9.6,16.0,22,5.0,2
225,2022-04-01,40,10.9,11.0,14.0,1,7.0,22
225,2022-04-02,32,6.8,7.0,11.0,16,3.0,24
225,2022-04-03,285,4.3,5.9,12.0,23,1.0,5
225,2022-04-04,248,12.7,13.3,19.0,7,4.0,24
225,2022-04-05,247,8.1,8.4,10.0,9,4.0,1
225,2022-04-06,222,15.2,15.2,19.0,16,10.0,1
225,2022-04-07,251,14.7,16.2,19.0,12,13.0,5
225,2022-04-08,298,8.5,9.5,13.0,2,6.0,10
225,2022-04-09,303,10.8,11.0,13.0,1,8.0,22
225,2022-04-10,299,3.5,4.8,10.0,5,1.0,19
225,2022-04-11,99,5.2,5.4,9.0,17,2.0,2
225,2022-04-12,139,4.0,5.0,7.0,13,2.0,19
225,2022-04-13,208,4.7,4.8,6.0,5,4.0,9
225,2022-04-14,259,1.3,2.8,5.0,1,2.0,7
225,2022-04-15,63,4.2,4.5,6.0,19,3.0,3
225,2022-04-16,88,5.4,5.5,7.0,10,2.0,4
225,2022-04-17,127,4.2,4.3,6.0,4,3.0,9
225,2022-04-18,154,0.8,4.5,6.0,5,2.0,15
225,2022-04-19,70,5.3,5.6,9.0,20,2.0,5
225,2022-04-20,71,8.0,8.2,11.0,20,6.0,9
225,2022-04-21,68,7.9,8.1,10.0,11,5.0,3
225,2022-04-22,73,8.9,9.0,12.0,15,6.0,20
225,2022-04-23,76,10.3,10.4,13.0,14,8.0,19
225,2022-04-24,50,8.3,8.5,11.0,14,5.0,24
225,2022-04-25,42,6.7,6.9,9.0,14,5.0,5
225,2022-04-26,6,6.4,6.8,9.0,7,4.0,23
225,2022-04-27,3,4.3,4.6,7.0,15,3.0,1
225,2022-04-28,53,5.2,5.5,7.0,18,3.0,4
225,2022-04-29,43,6.6,6.8,9.0,19,5.0,3
225,2022-04-30,353,5.3,5.7,8.0,10,3.0,23
225,2022-05-01,21,1.8,3.3,6.0,14,1.0,1
225,2022-05-02,15,3.8,4.8,9.0,15,1.0,8
225,2022-05-03,9,4.8,5.0,8.0,15,1.0,1
225,2022-05-04,330,0.7,2.1,4.0,1,1.0,7
225,2022-05-05,286,0.9,2.8,4.0,18,1.0,24
225,2022-05-06,211,3.9,4.1,5.0,8,2.0,1
225,2022-05-07,358,3.8,5.3,9.0,17,2.0,7
225,2022-05-08,29,5.6,6.3,10.0,15,4.0,6
225,2022-05-09,104,1.1,3.4,7.0,3,1.0,9
225,2022-05-10,209,8.1,8.6,11.0,9,6.0,1
225,2022-05-11,230,9.7,10.2,16.0,19,7.0,1
225,2022-05-12,244,7.6,7.9,11.0,24,6.0,6
225,2022-05-13,241,10.4,10.7,12.0,4,10.0,1
225,2022-05-14,324,1.6,3.5,8.0,1,2.0,8
225,2022-05-15,80,6.8,6.8,8.0,17,5.0,1
225,2022-05-16,199,4.9,7.3,11.0,12,3.0,7
225,2022-05-17,91,0.6,3.9,6.0,19,1.0,9
225,2022-05-18,9,0.3,4.0,6.0,6,2.0,20
225,2022-05-19,226,1.9,4.6,8.0,4,2.0,8
225,2022-05-20,244,3.0,5.9,13.0,24,2.0,1
225,2022-05-21,256,6.9,7.2,13.0,1,1.0,21
225,2022-05-22,137,0.1,3.8,5.0,12,3.0,1
225,2022-05-23,304,1.5,5.2,10.0,17,1.0,8
225,2022-05-24,243,9.5,9.6,12.0,6,7.0,19
225,2022-05-25,229,12.3,12.3,16.0,16,8.0,2
225,2022-05-26,243,10.5,10.9,15.0,18,7.0,3
225,2022-05-27,287,9.5,9.7,11.0,11,9.0,1
225,2022-05-28,330,9.3,9.4,11.0,3,8.0,12
225,2022-05-29,351,8.0,8.3,11.0,2,5.0,24
225,2022-05-30,313,2.5,3.1,5.0,2,1.0,18
225,2022-05-31,170,1.1,3.2,7.0,24,2.0,1
225,2022-06-01,281,4.3,5.8,8.0,11,4.0,2
225,2022-06-02,5,3.4,4.5,8.0,23,2.0,8
225,2022-06-03,70,8.4,8.5,11.0,19,7.0,4
225,2022-06-04,60,9.5,9.5,11.0,2,8.0,5
225,2022-06-05,43,3.4,7.5,11.0,1,3.0,19
225,2022-06-06,250,11.5,11.8,14.0,7,9.0,22
225,2022-06-07,255,6.5,7.1,12.0,2,1.0,19
225,2022-06-08,212,5.5,6.5,9.0,15,3.0,9
225,2022-06-09,249,5.9,7.0,10.0,22,5.0,14
225,2022-06-10,211,8.3,8.5,12.0,22,6.0,2
225,2022-06-11,231,8.3,8.4,11.0,1,6.0,17
225,2022-06-12,259,5.8,6.0,9.0,13,4.0,18
225,2022-06-13,300,6.0,6.2,10.0,6,3.0,18
225,2022-06-14,327,1.8,4.7,7.0,22,3.0,3
225,2022-06-15,70,5.0,5.2,8.0,21,3.0,15
225,2022-06-16,40,1.4,3.4,6.0,1,2.0,5
225,2022-06-17,200,5.3,5.8,8.0,20,3.0,1
225,2022-06-18,13,6.2,7.1,11.0,17,3.0,3
225,2022-06-19,8,6.7,7.3,13.0,2,5.0,7
225,2022-06-20,347,6.4,6.8,10.0,7,2.0,24
225,2022-06-21,11,2.4,3.8,8.0,18,1.0,7
225,2022-06-22,21,4.6,5.5,9.0,15,2.0,3
225,2022-06-23,64,3.0,4.6,8.0,1,2.0,18
225,2022-06-24,223,3.1,4.1,7.0,10,2.0,1
225,2022-06-25,207,2.4,4.3,8.0,8,2.0,15
225,2022-06-26,237,2.9,4.5,8.0,7,2.0,17
225,2022-06-27,224,3.6,4.3,9.0,20,2.0,1
225,2022-06-28,220,2.1,5.9,9.0,1,2.0,15
225,2022-06-29,73,1.2,4.6,7.0,14,3.0,9
225,2022-06-30,287,3.6,5.1,10.0,17,2.0,4
225,2022-07-01,229,9.8,9.8,11.0,13,8.0,1
225,2022-07-02,211,5.0,5.5,11.0,1,1.0,16
225,2022-07-03,255,5.6,5.8,7.0,1,4.0,21
225,2022-07-04,265,5.3,5.5,7.0,2,3.0,21
225,2022-07-05,300,5.7,6.0,8.0,14,4.0,1
225,2022-07-06,263,6.9,7.5,10.0,22,4.0,9
225,2022-07-07,328,10.4,11.0,14.0,2,6.0,23
225,2022-07-08,272,4.6,5.0,7.0,10,2.0,19
225,2022-07-09,337,6.9,7.4,10.0,14,4.0,4
225,2022-07-10,310,5.6,6.3,8.0,6,4.0,24
225,2022-07-11,5,2.9,4.1,5.0,5,2.0,24
225,2022-07-12,194,3.0,4.0,8.0,23,2.0,16
225,2022-07-13,335,3.0,5.8,9.0,14,2.0,8
225,2022-07-14,331,4.5,4.8,8.0,16,1.0,2
225,2022-07-15,268,4.7,5.8,9.0,23,2.0,8
225,2022-07-16,352,5.7,6.1,9.0,1,1.0,24
225,2022-07-17,220,0.5,2.7,4.0,11,1.0,21
225,2022-07-18,160,1.5,2.7,6.0,4,0.0,18
225,2022-07-19,125,4.1,4.3,6.0,16,3.0,3
225,2022-07-20,216,6.7,7.0,12.0,8,3.0,19
225,2022-07-21,326,5.4,7.3,14.0,14,3.0,4
225,2022-07-22,357,3.8,4.1,6.0,1,2.0,24
225,2022-07-23,232,0.5,2.5,5.0,22,1.0,3
225,2022-07-24,207,6.1,6.2,10.0,4,3.0,18
225,2022-07-25,237,9.5,9.9,14.0,15,3.0,1
225,2022-07-26,340,7.1,7.3,9.0,1,6.0,21
225,2022-07-27,9,5.4,6.3,8.0,5,4.0,10
225,2022-07-28,78,7.2,7.4,10.0,23,5.0,2
225,2022-07-29,24,5.8,7.1,9.0,1,3.0,23
225,2022-07-30,263,2.0,3.7,6.0,4,2.0,9
225,2022-07-31,240,7.3,8.8,12.0,12,5.0,1
225,2022-08-01,16,3.5,4.6,6.0,5,3.0,19
225,2022-08-02,209,7.8,8.6,12.0,12,3.0,1
225,2022-08-03,212,6.8,7.1,10.0,11,3.0,18
225,2022-08-04,315,2.9,4.7,7.0,19,3.0,4
225,2022-08-05,331,6.3,6.8,9.0,15,4.0,1
225,2022-08-06,319,3.8,3.9,6.0,1,2.0,22
225,2022-08-07,337,1.4,2.9,5.0,15,1.0,7
225,2022-08-08,8,4.2,4.6,7.0,15,1.0,1
225,2022-08-09,50,5.4,6.0,9.0,15,4.0,4
225,2022-08-10,73,6.6,6.7,10.0,21,5.0,9
225,2022-08-11,74,6.3,6.4,9.0,20,5.0,7
225,2022-08-12,70,6.4,6.5,9.0,3,4.0,9
225,2022-08-13,74,3.6,4.4,7.0,11,2.0,16
225,2022-08-14,73,4.1,4.8,6.0,1,2.0,15
225,2022-08-15,199,3.9,4.8,9.0,6,1.0,18
225,2022-08-16,220,2.7,4.7,9.0,6,1.0,17
225,2022-08-17,28,4.1,5.2,7.0,3,3.0,7
225,2022-08-18,3,3.7,4.5,6.0,7,3.0,19
225,2022-08-19,252,3.4,5.3,7.0,5,3.0,1
225,2022-08-20,237,3.3,4.5,8.0,14,1.0,5
225,2022-08-21,233,3.0,4.4,9.0,1,1.0,19
225,2022-08-22,85,3.1,4.1,6.0,19,2.0,1
225,2022-08-23,215,2.1,3.1,5.0,13,2.0,9
225,2022-08-24,68,0.4,4.3,7.0,22,3.0,5
225,2022-08-25,360,2.1,6.6,11.0,21,3.0,15
225,2022-08-26,350,7.1,7.5,9.0,1,4.0,24
225,2022-08-27,20,6.4,6.6,11.0,15,4.0,1
225,2022-08-28,22,6.0,6.4,8.0,14,5.0,23
225,2022-08-29,37,4.4,4.7,9.0,24,1.0,13
225,2022-08-30,58,7.5,8.0,10.0,10,6.0,5
225,2022-08-31,61,9.1,9.3,12.0,9,7.0,1
225,2022-09-01,74,7.3,7.4,8.0,1,6.0,3
225,2022-09-02,87,7.0,7.1,9.0,3,5.0,24
225,2022-09-03,94,4.9,5.2,7.0,3,2.0,16
225,2022-09-04,108,1.3,3.4,5.0,18,2.0,8
225,2022-09-05,145,1.8,4.5,7.0,11,2.0,15
225,2022-09-06,177,1.5,3.8,7.0,12,1.0,17
225,2022-09-07,178,1.9,4.2,7.0,1,0.0,18
225,2022-09-08,190,4.8,6.0,10.0,11,3.0,3
225,2022-09-09,181,6.1,6.8,9.0,9,5.0,2
225,2022-09-10,16,3.4,5.0,7.0,12,3.0,3
225,2022-09-11,328,0.2,2.2,5.0,24,1.0,3
225,2022-09-12,204,3.2,4.3,7.0,12,2.0,18
225,2022-09-13,356,4.0,4.8,6.0,5,3.0,23
225,2022-09-14,350,2.4,3.8,8.0,22,2.0,5
225,2022-09-15,323,9.4,9.7,12.0,18,7.0,4
225,2022-09-16,331,11.8,12.0,15.0,24,9.0,7
225,2022-09-17,328,12.6,12.8,14.0,1,11.0,8
225,2022-09-18,329,11.9,12.2,14.0,18,10.0,12
225,2022-09-19,332,8.8,9.3,12.0,3,6.0,24
225,2022-09-20,1,4.0,4.8,8.0,4,1.0,22
225,2022-09-21,172,1.2,2.3,4.0,24,1.0,16
225,2022-09-22,163,3.0,3.8,6.0,24,1.0,18
225,2022-09-23,182,4.9,5.3,8.0,14,2.0,9
225,2022-09-24,34,6.3,6.8,9.0,11,3.0,2
225,2022-09-25,300,3.5,5.2,11.0,22,2.0,8
225,2022-09-26,271,8.0,11.9,17.0,5,7.0,16
225,2022-09-27,310,6.6,8.0,13.0,1,2.0,20
225,2022-09-28,280,0.7,3.8,6.0,4,1.0,7
225,2022-09-29,171,0.4,2.8,4.0,1,1.0,9
225,2022-09-30,190,8.6,8.9,15.0,21,2.0,1
225,2022-10-01,258,10.3,11.4,17.0,3,8.0,19
225,2022-10-02,296,8.0,8.4,11.0,1,6.0,24
225,2022-10-03,246,2.5,3.9,6.0,1,2.0,7
225,2022-10-04,204,8.7,9.0,13.0,23,6.0,1
225,2022-10-05,219,13.2,14.5,17.0,14,12.0,2
225,2022-10-06,238,10.3,11.3,15.0,1,8.0,22
225,2022-10-07,212,10.9,11.8,15.0,20,8.0,4
225,2022-10-08,278,8.3,8.4,12.0,7,3.0,23
225,2022-10-09,156,4.6,4.7,7.0,24,2.0,18
225,2022-10-10,285,3.9,7.9,11.0,13,6.0,1
225,2022-10-11,281,2.4,4.0,6.0,1,1.0,19
225,2022-10-12,168,4.4,4.8,7.0,17,3.0,9
225,2022-10-13,211,2.6,3.9,7.0,2,1.0,13
225,2022-10-14,201,3.9,5.4,8.0,14,3.0,4
225,2022-10-15,208,8.6,9.2,15.0,19,4.0,5
225,2022-10-16,209,6.5,8.3,14.0,6,2.0,17
225,2022-10-17,198,6.3,7.1,9.0,9,4.0,22
225,2022-10-18,330,2.3,3.6,4.0,1,3.0,4
225,2022-10-19,88,6.4,6.5,10.0,12,3.0,3
225,2022-10-20,122,5.4,5.6,8.0,7,4.0,16
225,2022-10-21,163,4.7,5.1,7.0,13,4.0,4
225,2022-10-22,194,6.1,7.2,12.0,9,4.0,19
225,2022-10-23,147,5.4,5.9,9.0,20,4.0,1
225,2022-10-24,212,12.4,12.9,18.0,7,6.0,1
225,2022-10-25,222,6.3,7.9,10.0,1,4.0,18
225,2022-10-26,193,6.9,7.9,12.0,18,4.0,1
225,2022-10-27,156,5.7,5.9,8.0,14,4.0,5
225,2022-10-28,198,6.0,7.0,10.0,13,3.0,24
225,2022-10-29,159,3.9,4.5,7.0,20,2.0,6
225,2022-10-30,206,4.8,5.2,8.0,21,3.0,9
225,2022-10-31,135,4.4,5.0,8.0,23,3.0,7
225,2022-11-01,202,14.7,15.1,19.0,7,8.0,1
225,2022-11-02,219,11.7,13.4,17.0,4,10.0,17
225,2022-11-03,183,6.4,9.1,13.0,1,6.0,15
225,2022-11-04,284,3.9,5.8,9.0,22,2.0,7
225,2022-11-05,220,8.6,10.0,13.0,22,5.0,2
225,2022-11-06,191,11.3,11.5,16.0,21,8.0,11
225,2022-11-07,201,13.2,13.4,16.0,3,11.0,15
225,2022-11-08,187,10.1,10.5,14.0,12,7.0,4
225,2022-11-09,226,11.5,12.6,17.0,13,10.0,23
225,2022-11-10,218,12.1,12.5,14.0,16,10.0,1
225,2022-11-11,203,9.7,9.9,14.0,1,5.0,23
225,2022-11-12,138,2.5,2.7,4.0,3,2.0,7
225,2022-11-13,90,4.3,4.3,7.0,15,2.0,2
225,2022-11-14,113,4.8,5.3,8.0,1,3.0,20
225,2022-11-15,153,5.9,6.1,8.0,11,3.0,1
225,2022-11-16,148,5.7,6.4,10.0,24,5.0,1
225,2022-11-17,160,8.5,9.4,12.0,1,7.0,7
225,2022-11-18,124,5.1,5.9,10.0,21,3.0,15
225,2022-11-19,86,8.4,8.5,14.0,6,2.0,23
225,2022-11-20,114,4.2,4.4,7.0,14,2.0,1
225,2022-11-21,129,4.6,4.6,8.0,23,3.0,1
225,2022-11-22,163,7.0,7.1,9.0,8,6.0,3
225,2022-11-23,179,8.4,8.7,14.0,24,7.0,2
225,2022-11-24,199,8.3,9.5,15.0,3,7.0,15
225,2022-11-25,234,6.4,7.9,12.0,9,5.0,16
225,2022-11-26,185,5.9,6.3,7.0,5,5.0,1
225,2022-11-27,166,6.2,6.3,9.0,5,3.0,24
225,2022-11-28,200,4.6,4.8,8.0,5,3.0,15
225,2022-11-29,318,1.4,3.1,5.0,14,1.0,5
225,2022-11-30,64,2.0,2.6,5.0,21,0.0,12
225,2022-12-01,43,3.8,4.0,6.0,23,3.0,7
225,2022-12-02,61,8.4,8.5,10.0,15,5.0,4
225,2022-12-03,79,8.5,8.6,10.0,6,7.0,24
225,2022-12-04,75,7.9,8.0,9.0,16,7.0,2
225,2022-12-05,39,6.4,6.5,8.0,1,4.0,21
225,2022-12-06,355,4.3,5.1,8.0,21,1.0,9
225,2022-12-07,326,7.2,7.7,10.0,4,6.0,10
225,2022-12-08,325,1.4,4.8,11.0,3,1.0,20
225,2022-12-09,167,3.7,3.9,6.0,24,2.0,3
225,2022-12-10,170,4.8,5.0,8.0,3,3.0,22
225,2022-12-11,165,4.2,4.2,6.0,6,3.0,20
225,2022-12-12,155,2.9,3.0,4.0,7,2.0,3
225,2022-12-13,118,2.8,3.2,5.0,15,2.0,4
225,2022-12-14,83,0.8,2.9,6.0,19,1.0,11
225,2022-12-15,298,4.2,6.4,9.0,13,1.0,1
225,2022-12-16,54,2.4,3.8,6.0,1,2.0,17
225,2022-12-17,158,5.2,5.4,7.0,8,4.0,2
225,2022-12-18,144,5.3,5.4,9.0,24,3.0,5
225,2022-12-19,185,10.6,10.7,13.0,9,8.0,2
225,2022-12-20,196,8.9,9.2,13.0,12,4.0,20
225,2022-12-21,200,7.3,7.4,12.0,12,5.0,1
225,2022-12-22,216,4.4,5.2,10.0,13,3.0,4
225,2022-12-23,233,2.5,4.7,13.0,24,1.0,5
225,2022-12-24,220,6.9,7.7,11.0,1,5.0,18
225,2022-12-25,182,5.2,5.4,7.0,1,4.0,13
225,2022-12-26,250,10.5,11.9,16.0,8,8.0,1
225,2022-12-27,226,10.5,12.1,15.0,22,9.0,10
225,2022-12-28,207,15.9,16.1,18.0,3,14.0,14
225,2022-12-29,225,13.6,14.0,18.0,6,11.0,14
225,2022-12-30,193,11.2,12.1,17.0,18,7.0,7
225,2022-12-31,211,13.2,13.3,16.0,9,10.0,3
242,2022-01-01,214,10.4,10.5,13.0,16,7.0,1
242,2022-01-02,231,11.0,11.5,16.0,12,9.0,7
242,2022-01-03,242,12.5,12.6,15.0,5,8.0,24
242,2022-01-04,297,8.1,9.2,14.0,23,7.0,2
242,2022-01-05,308,13.6,14.8,18.0,7,11.0,24
242,2022-01-06,241,4.5,7.9,14.0,24,3.0,9
242,2022-01-07,253,9.8,11.1,13.0,1,8.0,21
242,2022-01-08,218,6.4,10.0,13.0,13,8.0,5
242,2022-01-09,291,9.3,9.6,13.0,2,3.0,24
242,2022-01-10,174,3.6,3.8,6.0,24,2.0,1
242,2022-01-11,198,5.1,6.0,8.0,8,2.0,22
242,2022-01-12,271,4.1,4.5,6.0,13,2.0,1
242,2022-01-13,265,6.7,6.8,9.0,22,5.0,8
242,2022-01-14,296,4.2,4.5,8.0,1,1.0,18
242,2022-01-15,181,4.5,4.8,7.0,10,2.0,1
242,2022-01-16,283,8.2,9.2,10.0,5,7.0,2
242,2022-01-17,305,8.7,9.0,13.0,4,5.0,21
242,2022-01-18,221,4.1,5.0,8.0,18,2.0,6
242,2022-01-19,277,7.8,10.7,14.0,24,6.0,2
242,2022-01-20,343,13.4,13.5,16.0,4,10.0,24
242,2022-01-21,319,9.7,10.0,11.0,10,9.0,5
242,2022-01-22,311,6.1,6.3,9.0,2,2.0,23
242,2022-01-23,228,2.6,3.0,4.0,1,2.0,4
242,2022-01-24,209,2.9,3.1,5.0,4,2.0,17
242,2022-01-25,213,3.0,3.4,7.0,23,2.0,4
242,2022-01-26,253,8.9,9.3,15.0,24,5.0,1
242,2022-01-27,282,11.7,13.2,15.0,1,11.0,13
242,2022-01-28,277,6.3,8.9,13.0,1,4.0,11
242,2022-01-29,266,12.8,14.4,18.0,16,12.0,1
242,2022-01-30,296,7.8,10.5,15.0,2,5.0,16
242,2022-01-31,318,15.5,17.0,21.0,7,10.0,24
242,2022-02-01,281,12.5,13.1,15.0,15,8.0,1
242,2022-02-02,280,6.5,7.7,14.0,2,4.0,17
242,2022-02-03,231,8.7,8.8,11.0,6,7.0,2
242,2022-02-04,262,10.0,12.6,16.0,24,9.0,1
242,2022-02-05,251,13.9,15.1,18.0,18,13.0,4
242,2022-02-06,273,13.4,15.5,18.0,2,10.0,11
242,2022-02-07,283,10.5,12.5,17.0,1,10.0,16
242,2022-02-08,237,11.8,11.8,14.0,7,10.0,15
242,2022-02-09,239,8.5,8.8,13.0,8,3.0,23
242,2022-02-10,269,8.7,8.8,13.0,23,4.0,3
242,2022-02-11,316,8.2,10.1,19.0,4,3.0,18
242,2022-02-12,194,9.7,9.8,12.0,13,6.0,1
242,2022-02-13,190,9.8,10.1,12.0,1,8.0,18
242,2022-02-14,220,11.1,12.2,17.0,7,8.0,3
242,2022-02-15,236,9.9,10.7,17.0,16,7.0,8
242,2022-02-16,231,13.9,14.7,21.0,20,6.0,1
242,2022-02-17,272,16.4,16.5,23.0,3,9.0,20
242,2022-02-18,237,14.8,17.4,27.0,17,4.0,4
242,2022-02-19,260,11.8,14.5,23.0,1,8.0,22
242,2022-02-20,236,13.3,14.9,22.0,20,7.0,2
242,2022-02-21,286,15.4,17.3,21.0,2,12.0,24
242,2022-02-22,263,9.9,11.8,15.0,15,7.0,7
242,2022-02-23,233,11.7,12.5,16.0,14,8.0,8
242,2022-02-24,247,11.0,13.5,15.0,11,9.0,13
242,2022-02-25,293,11.0,12.1,16.0,1,5.0,24
242,2022-02-26,159,3.8,5.1,8.0,21,3.0,2
242,2022-02-27,139,8.2,8.3,11.0,13,6.0,2
242,2022-02-28,165,6.8,6.8,9.0,10,4.0,20
242,2022-03-01,126,2.0,3.2,5.0,1,1.0,12
242,2022-03-02,78,7.2,7.3,8.0,6,5.0,1
242,2022-03-03,101,7.1,7.2,9.0,23,5.0,15
242,2022-03-04,112,7.4,7.4,10.0,22,6.0,3
242,2022-03-05,82,6.3,7.3,9.0,1,5.0,12
242,2022-03-06,44,5.8,6.1,8.0,1,4.0,11
242,2022-03-07,88,3.1,4.0,8.0,21,1.0,8
242,2022-03-08,132,7.5,7.6,10.0,9,4.0,20
242,2022-03-09,146,6.5,6.6,8.0,10,5.0,4
242,2022-03-10,127,5.8,5.9,9.0,23,4.0,1
242,2022-03-11,127,10.7,10.8,12.0,9,9.0,1
242,2022-03-12,147,6.9,7.7,10.0,1,4.0,15
242,2022-03-13,135,6.7,7.1,9.0,6,4.0,24
242,2022-03-14,226,4.5,5.0,8.0,13,3.0,3
242,2022-03-15,145,3.2,3.8,6.0,21,2.0,7
242,2022-03-16,132,6.8,7.0,10.0,23,4.0,1
242,2022-03-17,256,7.1,8.7,14.0,7,5.0,21
242,2022-03-18,39,2.5,5.4,7.0,14,3.0,6
242,2022-03-19,76,8.9,9.1,12.0,14,6.0,3
242,2022-03-20,107,7.2,8.6,12.0,8,5.0,20
242,2022-03-21,142,3.1,4.0,7.0,1,1.0,16
242,2022-03-22,73,3.8,4.0,6.0,19,2.0,2
242,2022-03-23,65,3.2,3.6,5.0,1,2.0,11
242,2022-03-24,25,3.2,3.3,5.0,15,2.0,5
242,2022-03-25,11,2.7,2.8,4.0,2,1.0,21
242,2022-03-26,2,3.2,3.8,8.0,21,2.0,1
242,2022-03-27,36,5.2,5.3,7.0,17,4.0,1
242,2022-03-28,33,2.6,3.0,4.0,1,2.0,10
242,2022-03-29,41,3.1,3.4,6.0,15,1.0,22
242,2022-03-30,42,5.8,5.9,8.0,14,3.0,24
242,2022-03-31,47,12.3,12.5,18.0,14,2.0,1
242,2022-04-01,41,11.6,11.7,13.0,8,10.0,21
242,2022-04-02,35,6.6,7.1,9.0,9,4.0,4
242,2022-04-03,290,5.6,7.0,12.0,24,4.0,12
242,2022-04-04,258,11.8,12.4,18.0,5,7.0,20
242,2022-04-05,259,7.1,7.4,11.0,15,2.0,8
242,2022-04-06,228,14.7,14.9,18.0,17,10.0,1
242,2022-04-07,258,13.2,15.7,20.0,12,13.0,7
242,2022-04-08,300,10.2,10.8,14.0,3,8.0,10
242,2022-04-09,312,10.7,11.0,13.0,1,8.0,12
242,2022-04-10,287,5.3,6.4,10.0,3,3.0,20
242,2022-04-11,95,5.7,6.3,11.0,18,2.0,4
242,2022-04-12,124,5.7,6.5,9.0,1,3.0,18
242,2022-04-13,227,7.1,7.2,9.0,14,5.0,24
242,2022-04-14,302,3.0,4.0,5.0,15,3.0,20
242,2022-04-15,36,4.6,5.1,7.0,15,3.0,1
242,2022-04-16,123,5.2,5.3,8.0,7,2.0,14
242,2022-04-17,133,6.0,6.2,8.0,11,5.0,3
242,2022-04-18,144,2.5,5.2,8.0,1,2.0,17
242,2022-04-19,71,5.5,6.1,10.0,15,3.0,1
242,2022-04-20,59,6.9,7.3,10.0,14,5.0,23
242,2022-04-21,58,7.1,7.5,10.0,12,4.0,4
242,2022-04-22,62,9.8,10.0,12.0,10,7.0,1
242,2022-04-23,68,11.5,11.6,14.0,10,10.0,1
242,2022-04-24,47,9.9,10.1,13.0,12,7.0,3
242,2022-04-25,42,9.4,9.7,11.0,9,7.0,4
242,2022-04-26,359,6.3,6.6,10.0,1,4.0,23
242,2022-04-27,338,3.2,3.9,6.0,6,2.0,3
242,2022-04-28,35,5.2,5.3,8.0,13,3.0,2
242,2022-04-29,24,5.7,6.1,8.0,13,3.0,3
242,2022-04-30,350,3.9,4.4,7.0,5,1.0,23
242,2022-05-01,82,1.3,2.5,5.0,18,0.0,2
242,2022-05-02,3,2.0,3.2,5.0,18,2.0,4
242,2022-05-03,16,4.7,5.0,8.0,5,2.0,23
242,2022-05-04,293,1.4,1.8,4.0,14,0.0,21
242,2022-05-05,249,2.4,3.3,5.0,21,2.0,3
242,2022-05-06,230,5.5,5.7,9.0,11,2.0,1
242,2022-05-07,20,5.0,5.5,9.0,16,1.0,3
242,2022-05-08,32,5.5,5.6,7.0,1,4.0,20
242,2022-05-09,148,3.1,3.8,6.0,5,2.0,15
242,2022-05-10,217,8.2,8.6,13.0,10,5.0,1
242,2022-05-11,233,9.7,10.4,15.0,20,7.0,2
242,2022-05-12,248,7.8,8.0,10.0,12,6.0,19
242,2022-05-13,243,10.1,10.3,12.0,13,8.0,1
242,2022-05-14,287,2.8,3.6,6.0,1,1.0,20
242,2022-05-15,79,7.5,7.8,11.0,16,3.0,1
242,2022-05-16,187,3.8,8.1,11.0,16,6.0,9
242,2022-05-17,210,1.2,5.0,8.0,1,2.0,12
242,2022-05-18,298,0.3,4.2,6.0,2,1.0,19
242,2022-05-19,221,2.0,5.8,8.0,1,3.0,6
242,2022-05-20,232,2.5,5.5,12.0,24,1.0,4
242,2022-05-21,267,7.8,8.2,13.0,3,3.0,20
242,2022-05-22,160,3.1,4.5,9.0,24,3.0,1
242,2022-05-23,220,1.1,6.5,10.0,18,2.0,12
242,2022-05-24,245,8.4,8.6,13.0,12,5.0,22
242,2022-05-25,230,10.7,10.8,15.0,14,6.0,1
242,2022-05-26,254,10.1,10.5,13.0,17,9.0,4
242,2022-05-27,292,11.0,11.1,13.0,7,7.0,3
242,2022-05-28,326,10.6,10.7,12.0,1,10.0,9
242,2022-05-29,344,8.0,8.1,11.0,3,5.0,20
242,2022-05-30,289,2.6,4.6,6.0,1,1.0,18
242,2022-05-31,146,3.2,4.3,6.0,1,2.0,13
242,2022-06-01,314,3.3,4.1,6.0,12,1.0,4
242,2022-06-02,332,3.1,4.3,6.0,2,3.0,10
242,2022-06-03,59,7.9,8.4,11.0,14,4.0,1
242,2022-06-04,48,8.2,8.4,11.0,12,6.0,3
242,2022-06-05,54,7.8,8.0,10.0,7,5.0,21
242,2022-06-06,258,9.8,10.9,17.0,24,3.0,5
242,2022-06-07,263,8.7,9.0,16.0,1,3.0,22
242,2022-06-08,218,4.3,5.1,7.0,8,3.0,2
242,2022-06-09,259,6.2,7.3,9.0,11,6.0,1
242,2022-06-10,217,8.6,8.7,11.0,12,6.0,22
242,2022-06-11,233,8.7,8.9,10.0,3,7.0,21
242,2022-06-12,253,6.7,6.9,8.0,11,4.0,4
242,2022-06-13,293,7.7,7.8,10.0,2,5.0,19
242,2022-06-14,268,3.5,4.6,7.0,11,1.0,20
242,2022-06-15,69,3.5,3.9,5.0,7,2.0,2
242,2022-06-16,232,0.7,2.8,5.0,12,1.0,19
242,2022-06-17,205,7.3,7.8,11.0,11,4.0,1
242,2022-06-18,360,5.2,5.6,8.0,21,4.0,6
242,2022-06-19,340,5.5,6.2,9.0,2,3.0,11
242,2022-06-20,329,7.0,7.2,10.0,10,3.0,21
242,2022-06-21,287,1.9,2.8,5.0,11,1.0,21
242,2022-06-22,37,3.6,4.0,7.0,16,1.0,2
242,2022-06-23,83,4.5,5.4,8.0,13,1.0,24
242,2022-06-24,227,4.8,5.5,9.0,15,2.0,1
242,2022-06-25,213,2.7,5.3,9.0,8,2.0,17
242,2022-06-26,247,3.1,4.4,8.0,8,1.0,5
242,2022-06-27,215,2.6,3.7,7.0,18,1.0,6
242,2022-06-28,223,2.9,5.6,8.0,23,1.0,18
242,2022-06-29,121,2.9,5.5,8.0,1,2.0,22
242,2022-06-30,277,3.4,5.8,11.0,19,2.0,1
242,2022-07-01,229,8.8,8.9,12.0,14,6.0,2
242,2022-07-02,217,6.9,7.1,10.0,8,4.0,20
242,2022-07-03,264,5.0,5.3,7.0,15,4.0,1
242,2022-07-04,261,7.4,7.5,10.0,14,5.0,21
242,2022-07-05,290,6.9,7.4,8.0,2,6.0,23
242,2022-07-06,266,8.1,8.9,13.0,24,6.0,7
242,2022-07-07,331,11.0,11.2,14.0,10,7.0,24
242,2022-07-08,285,5.5,5.8,8.0,9,3.0,17
242,2022-07-09,330,8.0,8.5,10.0,14,6.0,3
242,2022-07-10,313,6.6,7.2,10.0,5,4.0,23
242,2022-07-11,346,2.3,3.6,6.0,4,2.0,15
242,2022-07-12,205,5.3,6.0,11.0,12,2.0,20
242,2022-07-13,320,4.5,5.8,9.0,13,3.0,7
242,2022-07-14,312,5.5,5.8,9.0,15,2.0,2
242,2022-07-15,274,6.2,7.2,11.0,24,4.0,3
242,2022-07-16,336,6.1,6.1,10.0,1,1.0,23
242,2022-07-17,202,2.2,2.8,4.0,7,1.0,1
242,2022-07-18,183,3.3,3.9,7.0,11,2.0,19
242,2022-07-19,124,4.0,4.2,6.0,9,2.0,19
242,2022-07-20,218,7.1,8.1,12.0,9,5.0,1
242,2022-07-21,330,5.0,7.2,11.0,14,4.0,4
242,2022-07-22,334,4.2,4.3,8.0,1,2.0,23
242,2022-07-23,269,1.3,3.5,5.0,19,2.0,10
242,2022-07-24,211,8.1,8.4,14.0,12,4.0,1
242,2022-07-25,242,8.4,9.1,13.0,14,4.0,1
242,2022-07-26,334,8.0,8.1,10.0,1,6.0,23
242,2022-07-27,355,4.8,5.4,8.0,1,3.0,23
242,2022-07-28,67,5.3,5.4,8.0,15,3.0,1
242,2022-07-29,31,6.5,7.0,9.0,9,4.0,24
242,2022-07-30,270,2.8,4.8,8.0,16,3.0,10
242,2022-07-31,257,4.9,7.0,11.0,15,4.0,1
242,2022-08-01,27,3.1,4.9,8.0,1,2.0,14
242,2022-08-02,204,9.0,9.5,13.0,14,7.0,1
242,2022-08-03,212,6.7,7.0,11.0,11,2.0,21
242,2022-08-04,296,3.1,4.8,6.0,8,4.0,1
242,2022-08-05,313,6.5,6.7,11.0,12,5.0,1
242,2022-08-06,300,4.5,4.6,7.0,1,2.0,23
242,2022-08-07,279,3.7,4.0,7.0,13,1.0,2
242,2022-08-08,353,3.6,4.3,5.0,3,3.0,22
242,2022-08-09,39,3.4,3.7,6.0,16,1.0,7
242,2022-08-10,56,5.3,5.6,8.0,14,3.0,2
242,2022-08-11,62,5.4,5.9,8.0,14,5.0,5
242,2022-08-12,53,5.6,5.9,9.0,14,4.0,3
242,2022-08-13,84,4.5,4.9,8.0,18,3.0,5
242,2022-08-14,96,4.5,4.8,7.0,1,4.0,11
242,2022-08-15,235,2.1,4.3,8.0,9,2.0,2
242,2022-08-16,242,3.6,5.3,10.0,7,2.0,18
242,2022-08-17,40,4.5,4.8,7.0,14,2.0,5
242,2022-08-18,38,3.9,4.8,8.0,4,1.0,2
242,2022-08-19,259,3.1,5.4,7.0,8,3.0,12
242,2022-08-20,241,4.4,5.3,7.0,10,2.0,6
242,2022-08-21,253,4.7,5.3,8.0,1,1.0,21
242,2022-08-22,101,4.0,4.3,7.0,18,1.0,1
242,2022-08-23,194,2.3,3.9,6.0,1,2.0,11
242,2022-08-24,225,1.6,4.6,8.0,10,2.0,16
242,2022-08-25,83,1.2,7.0,12.0,23,4.0,2
242,2022-08-26,345,7.6,7.7,11.0,1,5.0,22
242,2022-08-27,16,7.3,7.3,9.0,23,5.0,1
242,2022-08-28,5,6.4,6.5,8.0,1,4.0,14
242,2022-08-29,27,5.8,6.0,8.0,13,4.0,2
242,2022-08-30,57,6.0,6.3,10.0,15,3.0,4
242,2022-08-31,66,7.3,7.5,10.0,11,4.0,6
242,2022-09-01,74,7.9,8.1,10.0,15,6.0,1
242,2022-09-02,97,7.1,7.3,9.0,2,5.0,15
242,2022-09-03,100,7.4,7.7,9.0,1,5.0,15
242,2022-09-04,120,4.6,5.0,8.0,3,2.0,16
242,2022-09-05,124,2.7,5.0,9.0,23,1.0,19
242,2022-09-06,179,2.1,4.6,8.0,16,2.0,21
242,2022-09-07,167,2.1,4.2,7.0,14,1.0,19
242,2022-09-08,190,4.1,5.9,8.0,1,3.0,20
242,2022-09-09,167,6.0,6.1,10.0,14,3.0,1
242,2022-09-10,46,3.3,4.6,8.0,20,2.0,4
242,2022-09-11,15,0.7,2.1,5.0,24,1.0,3
242,2022-09-12,214,6.4,7.2,9.0,13,5.0,1
242,2022-09-13,322,5.3,5.6,8.0,2,4.0,17
242,2022-09-14,326,4.6,4.8,11.0,23,1.0,10
242,2022-09-15,322,10.3,10.4,12.0,20,9.0,12
242,2022-09-16,329,13.6,13.8,16.0,17,11.0,2
242,2022-09-17,333,13.6,13.8,15.0,3,12.0,22
242,2022-09-18,336,13.0,13.1,15.0,17,11.0,10
242,2022-09-19,338,9.9,10.0,12.0,1,8.0,12
242,2022-09-20,354,6.0,6.0,10.0,2,2.0,24
242,2022-09-21,189,1.0,1.9,3.0,7,1.0,1
242,2022-09-22,170,4.1,4.3,6.0,13,3.0,1
242,2022-09-23,180,2.2,4.2,10.0,24,0.0,21
242,2022-09-24,19,9.4,9.5,12.0,4,8.0,18
242,2022-09-25,306,3.8,6.3,12.0,23,2.0,15
242,2022-09-26,280,8.1,11.1,15.0,5,7.0,12
242,2022-09-27,304,5.3,7.4,12.0,2,2.0,20
242,2022-09-28,279,1.3,2.8,4.0,2,2.0,7
242,2022-09-29,246,1.0,2.3,5.0,16,1.0,8
242,2022-09-30,196,6.9,7.4,15.0,24,1.0,1
242,2022-10-01,271,10.1,11.3,14.0,1,8.0,7
242,2022-10-02,298,8.9,9.2,12.0,2,7.0,22
242,2022-10-03,268,2.7,4.4,7.0,1,3.0,10
242,2022-10-04,203,8.1,8.3,11.0,24,6.0,1
242,2022-10-05,226,11.6,13.3,17.0,15,9.0,2
242,2022-10-06,243,11.0,11.8,15.0,1,8.0,22
242,2022-10-07,229,11.4,12.0,13.0,6,9.0,2
242,2022-10-08,284,9.0,9.0,12.0,6,4.0,23
242,2022-10-09,170,5.6,6.1,8.0,10,3.0,3
242,2022-10-10,280,5.4,8.7,11.0,12,6.0,1
242,2022-10-11,270,4.2,5.0,8.0,3,3.0,19
242,2022-10-12,182,4.9,5.0,7.0,12,4.0,1
242,2022-10-13,246,3.0,4.4,9.0,9,1.0,17
242,2022-10-14,189,3.7,5.2,7.0,10,3.0,1
242,2022-10-15,211,7.1,7.8,13.0,24,2.0,3
242,2022-10-16,230,6.9,9.0,13.0,6,3.0,17
242,2022-10-17,204,6.3,7.7,11.0,15,5.0,23
242,2022-10-18,308,4.7,5.5,7.0,10,3.0,23
242,2022-10-19,97,6.5,6.9,10.0,20,3.0,3
242,2022-10-20,133,7.9,8.5,11.0,5,5.0,23
242,2022-10-21,169,4.5,4.6,6.0,6,4.0,1
242,2022-10-22,207,5.3,6.0,9.0,14,3.0,21
242,2022-10-23,143,5.9,6.4,10.0,14,4.0,1
242,2022-10-24,220,10.5,11.3,16.0,8,7.0,1
242,2022-10-25,233,6.8,7.7,10.0,2,4.0,20
242,2022-10-26,192,7.0,8.2,11.0,14,6.0,1
242,2022-10-27,168,6.0,6.2,9.0,11,3.0,19
242,2022-10-28,203,5.3,6.1,11.0,14,3.0,23
242,2022-10-29,165,4.2,4.7,7.0,15,3.0,2
242,2022-10-30,208,4.7,5.0,6.0,1,4.0,5
242,2022-10-31,143,5.3,6.3,10.0,22,4.0,4
242,2022-11-01,204,13.1,13.8,20.0,9,10.0,1
242,2022-11-02,227,11.0,12.8,17.0,8,10.0,22
242,2022-11-03,186,7.3,9.6,12.0,1,7.0,16
242,2022-11-04,310,7.9,8.2,10.0,1,4.0,7
242,2022-11-05,227,8.0,9.3,13.0,24,6.0,2
242,2022-11-06,200,11.3,11.8,14.0,19,9.0,12
242,2022-11-07,223,11.0,11.6,15.0,1,10.0,8
242,2022-11-08,188,10.1,10.3,13.0,13,9.0,2
242,2022-11-09,233,9.7,10.9,12.0,5,8.0,1
242,2022-11-10,233,12.3,12.4,15.0,21,9.0,2
242,2022-11-11,214,10.7,10.8,14.0,5,4.0,24
242,2022-11-12,152,3.7,4.0,5.0,11,3.0,2
242,2022-11-13,97,5.1,5.3,7.0,14,2.0,1
242,2022-11-14,137,7.2,7.8,9.0,3,6.0,23
242,2022-11-15,153,8.6,8.9,12.0,20,6.0,1
242,2022-11-16,137,7.6,8.5,15.0,24,4.0,5
242,2022-11-17,127,13.1,14.0,17.0,4,10.0,19
242,2022-11-18,114,9.6,10.2,13.0,22,9.0,2
242,2022-11-19,98,7.5,8.2,12.0,5,3.0,22
242,2022-11-20,155,4.9,5.6,9.0,17,3.0,4
242,2022-11-21,145,7.2,7.6,12.0,22,3.0,1
242,2022-11-22,160,8.9,9.2,12.0,1,6.0,24
242,2022-11-23,178,7.8,8.1,11.0,14,6.0,1
242,2022-11-24,198,6.6,7.8,10.0,20,6.0,2
242,2022-11-25,243,6.1,8.1,10.0,11,7.0,3
242,2022-11-26,190,6.0,6.2,8.0,20,4.0,2
242,2022-11-27,174,8.1,8.2,10.0,12,6.0,18
242,2022-11-28,221,2.3,3.6,6.0,1,1.0,13
242,2022-11-29,336,3.7,5.1,9.0,15,2.0,21
242,2022-11-30,137,0.6,1.2,4.0,12,0.0,10
242,2022-12-01,87,2.5,2.5,6.0,21,0.0,2
242,2022-12-02,77,7.9,8.0,12.0,21,4.0,1
242,2022-12-03,81,9.8,9.8,12.0,6,4.0,1
242,2022-12-04,85,9.5,9.5,13.0,17,7.0,23
242,2022-12-05,50,7.0,7.3,10.0,21,6.0,3
242,2022-12-06,348,6.7,7.1,10.0,15,3.0,7
242,2022-12-07,327,8.6,9.2,11.0,2,6.0,11
242,2022-12-08,325,2.7,4.6,11.0,2,0.0,19
242,2022-12-09,197,4.8,5.3,6.0,3,4.0,1
242,2022-12-10,199,3.3,4.3,6.0,10,3.0,9
242,2022-12-11,181,5.4,5.5,7.0,10,3.0,4
242,2022-12-12,181,4.7,4.8,7.0,12,4.0,1
242,2022-12-13,185,4.6,4.7,5.0,1,3.0,18
242,2022-12-14,303,1.6,4.3,9.0,19,1.0,8
242,2022-12-15,302,5.5,9.2,12.0,20,6.0,16
242,2022-12-16,57,2.4,4.8,8.0,1,1.0,16
242,2022-12-17,185,8.1,8.1,9.0,10,6.0,1
242,2022-12-18,160,8.3,8.6,11.0,15,6.0,4
242,2022-12-19,194,11.5,11.7,15.0,12,8.0,6
242,2022-12-20,205,8.7,9.0,15.0,11,5.0,17
242,2022-12-21,203,7.3,7.4,11.0,14,4.0,6
242,2022-12-22,220,4.1,5.2,8.0,13,2.0,23
242,2022-12-23,92,2.4,3.8,8.0,16,1.0,2
242,2022-12-24,228,5.3,6.2,9.0,3,3.0,1
242,2022-12-25,184,5.0,5.2,8.0,5,3.0,16
242,2022-12-26,254,10.6,12.0,16.0,9,6.0,1
242,2022-12-27,236,9.3,11.4,15.0,1,8.0,13
242,2022-12-28,210,13.3,13.7,18.0,22,7.0,8
242,2022-12-29,232,13.1,13.6,16.0,1,11.0,17
242,2022-12-30,202,10.4,11.5,16.0,18,6.0,5
242,2022-12-31,218,13.4,13.5,19.0,21,8.0,4
269,2022-01-01,203,5.3,5.4,7.0,14,4.0,7
269,2022-01-02,227,8.1,8.5,12.0,22,6.0,1
269,2022-01-03,231,7.7,7.8,10.0,1,5.0,21
269,2022-01-04,251,3.0,4.0,5.0,1,2.0,15
269,2022-01-05,284,5.7,6.3,10.0,8,3.0,24
269,2022-01-06,217,3.5,4.2,8.0,21,1.0,10
269,2022-01-07,208,5.7,6.0,9.0,1,2.0,23
269,2022-01-08,191,5.6,5.9,9.0,14,3.0,1
269,2022-01-09,266,3.7,4.4,7.0,4,1.0,22
269,2022-01-10,169,2.2,2.3,3.0,17,2.0,1
269,2022-01-11,191,3.5,3.6,5.0,7,2.0,1
269,2022-01-12,224,2.7,2.8,4.0,15,0.0,6
269,2022-01-13,230,4.7,4.8,6.0,12,4.0,1
269,2022-01-14,258,1.8,2.3,4.0,1,1.0,16
269,2022-01-15,172,2.8,3.2,4.0,11,1.0,1
269,2022-01-16,241,3.9,4.4,6.0,13,3.0,1
269,2022-01-17,287,4.0,4.2,6.0,9,1.0,22
269,2022-01-18,215,2.2,2.6,4.0,13,1.0,2
269,2022-01-19,243,2.8,3.8,6.0,11,1.0,1
269,2022-01-20,325,4.8,5.0,6.0,3,2.0,24
269,2022-01-21,289,3.6,3.7,5.0,11,2.0,1
269,2022-01-22,287,2.7,2.8,4.0,1,1.0,23
269,2022-01-23,185,1.3,1.5,2.0,1,1.0,2
269,2022-01-24,152,0.6,1.3,2.0,5,1.0,1
269,2022-01-25,174,0.9,1.5,2.0,10,1.0,1
269,2022-01-26,223,4.3,4.6,8.0,24,2.0,1
269,2022-01-27,263,6.1,6.8,9.0,5,5.0,21
269,2022-01-28,253,3.8,4.6,7.0,21,1.0,9
269,2022-01-29,258,8.1,8.7,12.0,15,7.0,1
269,2022-01-30,278,3.8,4.8,7.0,1,3.0,15
269,2022-01-31,303,7.4,8.5,12.0,9,3.0,22
269,2022-02-01,270,6.6,7.2,9.0,12,4.0,1
269,2022-02-02,274,4.0,4.6,7.0,1,1.0,17
269,2022-02-03,219,5.7,5.8,7.0,6,4.0,1
269,2022-02-04,238,6.6,7.8,11.0,10,5.0,1
269,2022-02-05,239,8.5,8.7,12.0,18,5.0,7
269,2022-02-06,259,9.0,9.8,13.0,5,6.0,23
269,2022-02-07,270,5.5,6.5,9.0,4,4.0,8
269,2022-02-08,238,7.2,7.4,9.0,11,6.0,4
269,2022-02-09,230,5.6,5.7,8.0,5,3.0,18
269,2022-02-10,255,3.2,3.6,5.0,12,1.0,7
269,2022-02-11,298,3.9,4.7,8.0,4,1.0,18
269,2022-02-12,188,4.7,4.8,8.0,13,2.0,1
269,2022-02-13,188,6.8,6.9,9.0,11,4.0,7
269,2022-02-14,216,8.3,8.8,12.0,12,5.0,23
269,2022-02-15,219,7.0,7.1,11.0,17,4.0,1
269,2022-02-16,232,10.4,10.8,17.0,20,4.0,1
269,2022-02-17,264,10.1,10.3,14.0,4,4.0,20
269,2022-02-18,232,10.6,11.9,22.0,16,3.0,1
269,2022-02-19,247,8.9,10.0,15.0,1,8.0,16
269,2022-02-20,234,10.3,11.1,17.0,21,4.0,3
269,2022-02-21,274,9.1,10.2,13.0,1,6.0,22
269,2022-02-22,251,5.7,6.6,10.0,14,3.0,6
269,2022-02-23,226,6.1,6.4,9.0,13,4.0,6
269,2022-02-24,228,6.4,7.4,11.0,12,5.0,19
269,2022-02-25,272,4.9,5.5,8.0,12,2.0,22
269,2022-02-26,160,1.7,2.2,3.0,12,1.0,2
269,2022-02-27,123,3.4,3.5,6.0,12,2.0,1
269,2022-02-28,156,3.2,3.3,5.0,11,1.0,22
269,2022-03-01,120,0.9,2.3,3.0,1,1.0,13
269,2022-03-02,63,3.5,3.6,6.0,14,2.0,1
269,2022-03-03,74,3.5,3.6,5.0,12,2.0,24
269,2022-03-04,81,3.4,3.5,5.0,15,2.0,1
269,2022-03-05,56,3.4,3.6,5.0,21,2.0,3
269,2022-03-06,38,4.6,4.6,8.0,14,1.0,23
269,2022-03-07,77,2.7,2.9,6.0,15,0.0,9
269,2022-03-08,119,3.7,3.8,7.0,11,2.0,2
269,2022-03-09,148,2.3,2.5,5.0,13,1.0,4
269,2022-03-10,130,2.6,2.9,5.0,13,1.0,5
269,2022-03-11,128,5.1,5.3,7.0,14,4.0,1
269,2022-03-12,162,4.1,4.5,7.0,10,3.0,17
269,2022-03-13,148,3.3,3.6,6.0,14,2.0,4
269,2022-03-14,228,3.3,3.8,7.0,12,1.0,20
269,2022-03-15,124,1.6,1.9,3.0,14,1.0,5
269,2022-03-16,125,3.8,4.1,6.0,9,1.0,1
269,2022-03-17,270,3.5,4.6,7.0,4,1.0,19
269,2022-03-18,55,2.3,2.8,5.0,14,1.0,1
269,2022-03-19,70,6.2,6.2,10.0,15,3.0,2
269,2022-03-20,94,4.1,4.8,8.0,1,1.0,21
269,2022-03-21,110,1.3,2.3,3.0,2,1.0,15
269,2022-03-22,68,1.9,2.1,3.0,15,1.0,12
269,2022-03-23,47,2.8,3.1,4.0,10,2.0,1
269,2022-03-24,5,1.7,1.9,4.0,16,0.0,4
269,2022-03-25,27,2.5,2.7,5.0,11,1.0,3
269,2022-03-26,11,2.4,2.6,5.0,16,0.0,1
269,2022-03-27,39,3.5,3.7,5.0,2,1.0,7
269,2022-03-28,29,2.6,2.8,4.0,2,1.0,12
269,2022-03-29,50,3.4,3.6,5.0,10,2.0,1
269,2022-03-30,39,4.0,4.1,7.0,19,0.0,3
269,2022-03-31,31,6.4,6.6,11.0,20,4.0,3
269,2022-04-01,35,8.7,8.9,11.0,2,5.0,21
269,2022-04-02,27,4.6,4.8,8.0,10,1.0,22
269,2022-04-03,266,2.3,3.0,4.0,9,1.0,1
269,2022-04-04,242,7.2,7.9,13.0,11,2.0,23
269,2022-04-05,253,4.8,5.0,8.0,14,1.0,6
269,2022-04-06,222,9.4,9.5,11.0,15,7.0,1
269,2022-04-07,248,10.1,10.8,15.0,13,8.0,6
269,2022-04-08,280,4.6,5.2,8.0,3,4.0,5
269,2022-04-09,291,5.4,5.5,8.0,13,2.0,22
269,2022-04-10,281,2.2,3.1,5.0,2,0.0,21
269,2022-04-11,93,3.1,3.2,5.0,12,0.0,4
269,2022-04-12,117,2.0,2.8,4.0,8,1.0,18
269,2022-04-13,238,2.0,2.3,4.0,12,1.0,1
269,2022-04-14,309,1.7,2.5,5.0,13,1.0,2
269,2022-04-15,43,2.6,2.9,4.0,9,1.0,4
269,2022-04-16,88,3.8,3.9,6.0,7,2.0,1
269,2022-04-17,117,2.9,3.0,5.0,13,1.0,4
269,2022-04-18,141,1.0,2.3,4.0,8,1.0,15
269,2022-04-19,61,4.1,4.3,7.0,16,2.0,1
269,2022-04-20,59,5.2,5.3,7.0,10,3.0,2
269,2022-04-21,65,5.4,5.6,8.0,10,3.0,2
269,2022-04-22,69,6.0,6.1,9.0,14,3.0,20
269,2022-04-23,72,6.8,6.9,10.0,9,3.0,20
269,2022-04-24,38,6.7,6.9,9.0,13,4.0,24
269,2022-04-25,45,4.6,4.8,7.0,21,3.0,1
269,2022-04-26,2,4.1,4.4,7.0,9,1.0,22
269,2022-04-27,344,1.3,2.0,4.0,16,0.0,1
269,2022-04-28,42,3.6,3.7,6.0,17,1.0,7
269,2022-04-29,35,4.5,4.6,6.0,8,3.0,2
269,2022-04-30,341,1.8,2.2,4.0,8,0.0,2
269,2022-05-01,30,2.1,2.3,4.0,22,1.0,2
269,2022-05-02,9,2.3,2.6,5.0,17,1.0,2
269,2022-05-03,14,2.7,2.9,5.0,11,0.0,2
269,2022-05-04,345,0.9,1.8,4.0,16,0.0,3
269,2022-05-05,310,1.0,1.8,3.0,14,0.0,1
269,2022-05-06,271,1.9,2.4,5.0,15,1.0,2
269,2022-05-07,358,2.3,4.0,7.0,18,2.0,1
269,2022-05-08,25,3.8,4.1,6.0,19,2.0,3
269,2022-05-09,34,0.4,2.1,4.0,15,1.0,8
269,2022-05-10,229,4.6,5.3,10.0,11,2.0,1
269,2022-05-11,242,6.1,6.4,10.0,20,3.0,1
269,2022-05-12,248,4.3,4.5,7.0,16,3.0,2
269,2022-05-13,251,5.8,6.1,8.0,8,4.0,1
269,2022-05-14,318,1.5,2.8,4.0,12,2.0,3
269,2022-05-15,77,3.5,3.7,5.0,9,2.0,2
269,2022-05-16,230,2.0,4.1,8.0,14,1.0,24
269,2022-05-17,123,1.3,2.6,4.0,16,1.0,3
269,2022-05-18,298,0.8,2.4,4.0,9,1.0,1
269,2022-05-19,265,1.4,3.5,7.0,5,1.0,7
269,2022-05-20,240,0.8,3.5,6.0,18,1.0,1
269,2022-05-21,262,4.3,4.6,7.0,7,1.0,20
269,2022-05-22,119,1.8,2.3,4.0,16,0.0,2
269,2022-05-23,268,0.2,3.1,6.0,19,2.0,2
269,2022-05-24,239,4.9,5.4,8.0,9,2.0,20
269,2022-05-25,225,6.0,6.3,10.0,12,2.0,2
269,2022-05-26,247,6.3,6.3,9.0,16,3.0,5
269,2022-05-27,282,6.3,6.3,8.0,11,4.0,4
269,2022-05-28,325,4.8,5.0,6.0,1,2.0,23
269,2022-05-29,343,2.7,3.2,5.0,11,1.0,20
269,2022-05-30,315,0.5,1.9,3.0,9,1.0,1
269,2022-05-31,151,1.2,1.9,4.0,16,1.0,1
269,2022-06-01,268,2.9,3.5,6.0,11,1.0,22
269,2022-06-02,360,1.6,2.6,4.0,15,1.0,1
269,2022-06-03,50,5.8,5.9,9.0,18,3.0,4
269,2022-06-04,47,6.7,6.7,8.0,9,5.0,24
269,2022-06-05,51,2.7,5.0,7.0,1,2.0,18
269,2022-06-06,234,6.9,7.1,10.0,11,5.0,19
269,2022-06-07,253,4.5,5.2,8.0,9,1.0,21
269,2022-06-08,204,3.4,3.8,7.0,11,1.0,1
269,2022-06-09,265,3.5,4.0,6.0,10,2.0,4
269,2022-06-10,214,4.0,4.3,8.0,13,2.0,3
269,2022-06-11,244,4.1,4.3,6.0,8,2.0,1
269,2022-06-12,264,3.1,3.6,7.0,13,1.0,1
269,2022-06-13,286,3.8,4.0,6.0,8,1.0,24
269,2022-06-14,358,1.1,2.2,4.0,17,1.0,1
269,2022-06-15,38,3.3,3.7,5.0,15,1.0,5
269,2022-06-16,43,1.6,1.9,3.0,1,1.0,3
269,2022-06-17,196,3.4,3.7,6.0,9,1.0,1
269,2022-06-18,4,3.2,4.3,7.0,21,1.0,6
269,2022-06-19,5,3.6,4.0,7.0,4,1.0,24
269,2022-06-20,332,3.3,3.6,6.0,13,0.0,24
269,2022-06-21,26,1.1,2.2,4.0,18,1.0,1
269,2022-06-22,30,2.7,3.0,5.0,15,1.0,3
269,2022-06-23,121,1.3,3.2,5.0,6,1.0,20
269,2022-06-24,232,1.9,3.0,5.0,10,1.0,7
269,2022-06-25,208,1.6,3.1,5.0,7,2.0,1
269,2022-06-26,198,2.4,3.0,5.0,8,1.0,19
269,2022-06-27,225,1.3,2.0,6.0,15,0.0,1
269,2022-06-28,188,1.0,2.9,4.0,7,2.0,1
269,2022-06-29,99,0.8,3.0,5.0,14,2.0,3
269,2022-06-30,290,2.6,3.8,8.0,19,1.0,6
269,2022-07-01,223,4.8,4.9,8.0,15,2.0,22
269,2022-07-02,210,2.9,3.3,6.0,11,1.0,20
269,2022-07-03,267,2.7,3.1,5.0,16,1.0,2
269,2022-07-04,261,3.1,3.8,7.0,13,1.0,22
269,2022-07-05,285,3.2,3.5,6.0,11,1.0,1
269,2022-07-06,266,3.7,4.1,7.0,15,2.0,1
269,2022-07-07,319,5.3,5.7,7.0,2,3.0,24
269,2022-07-08,280,3.4,3.5,6.0,14,2.0,2
269,2022-07-09,327,3.5,4.0,7.0,15,1.0,4
269,2022-07-10,302,3.9,4.0,6.0,16,2.0,23
269,2022-07-11,356,1.7,2.0,3.0,9,1.0,4
269,2022-07-12,202,1.2,2.0,3.0,8,1.0,1
269,2022-07-13,324,2.0,3.4,6.0,15,2.0,1
269,2022-07-14,326,2.6,2.7,6.0,15,0.0,2
269,2022-07-15,276,3.0,3.4,6.0,17,1.0,5
269,2022-07-16,343,3.3,3.6,6.0,9,0.0,23
269,2022-07-17,65,1.1,1.4,3.0,17,0.0,1
269,2022-07-18,157,0.4,1.6,3.0,13,1.0,2
269,2022-07-19,113,1.7,2.4,4.0,14,2.0,1
269,2022-07-20,244,3.2,3.8,8.0,9,1.0,2
269,2022-07-21,263,1.5,3.3,6.0,17,2.0,1
269,2022-07-22,7,1.3,1.9,3.0,1,0.0,24
269,2022-07-23,36,0.1,1.4,3.0,13,0.0,1
269,2022-07-24,200,3.5,3.8,7.0,11,1.0,2
269,2022-07-25,245,4.6,5.0,9.0,14,1.0,3
269,2022-07-26,338,3.4,3.9,6.0,11,1.0,24
269,2022-07-27,10,2.8,3.4,6.0,15,1.0,1
269,2022-07-28,52,4.5,4.6,7.0,13,2.0,1
269,2022-07-29,21,2.2,2.9,5.0,1,1.0,23
269,2022-07-30,287,1.8,2.6,4.0,7,1.0,18
269,2022-07-31,236,3.5,4.2,6.0,12,2.0,1
269,2022-08-01,357,2.1,2.5,4.0,7,0.0,21
269,2022-08-02,217,3.9,4.4,7.0,12,1.0,1
269,2022-08-03,227,3.0,3.6,7.0,14,0.0,22
269,2022-08-04,325,2.4,2.9,4.0,9,0.0,3
269,2022-08-05,320,3.2,3.7,6.0,15,1.0,5
269,2022-08-06,338,1.7,2.3,4.0,9,0.0,22
269,2022-08-07,340,1.5,1.7,4.0,14,0.0,1
269,2022-08-08,8,2.3,2.5,5.0,14,0.0,1
269,2022-08-09,35,3.8,4.0,6.0,18,2.0,1
269,2022-08-10,49,4.0,4.0,6.0,16,3.0,2
269,2022-08-11,52,3.8,3.9,6.0,15,2.0,5
269,2022-08-12,57,3.7,3.8,5.0,12,2.0,6
269,2022-08-13,72,2.9,3.2,5.0,13,2.0,2
269,2022-08-14,64,2.5,2.9,4.0,9,1.0,2
269,2022-08-15,251,1.8,2.6,6.0,13,1.0,1
269,2022-08-16,245,1.1,2.7,4.0,8,1.0,21
269,2022-08-17,19,3.6,3.8,6.0,10,2.0,1
269,2022-08-18,16,1.5,1.9,4.0,13,1.0,1
269,2022-08-19,249,1.7,2.5,4.0,8,1.0,1
269,2022-08-20,271,1.6,2.2,6.0,17,1.0,1
269,2022-08-21,245,1.4,3.0,5.0,11,1.0,20
269,2022-08-22,66,2.5,2.7,4.0,9,1.0,1
269,2022-08-23,281,0.3,1.9,4.0,13,0.0,6
269,2022-08-24,21,0.8,2.2,3.0,10,0.0,4
269,2022-08-25,52,1.1,3.1,4.0,10,2.0,1
269,2022-08-26,350,3.8,4.0,5.0,1,2.0,22
269,2022-08-27,14,3.0,3.2,6.0,17,0.0,5
269,2022-08-28,8,3.2,3.5,6.0,10,0.0,5
269,2022-08-29,19,2.5,2.9,5.0,17,0.0,1
269,2022-08-30,47,5.0,5.1,8.0,9,3.0,1
269,2022-08-31,50,5.6,5.8,8.0,9,4.0,1
269,2022-09-01,65,4.6,4.7,7.0,11,3.0,3
269,2022-09-02,84,3.7,4.0,5.0,9,3.0,3
269,2022-09-03,80,3.3,3.5,6.0,12,2.0,19
269,2022-09-04,73,1.3,1.9,2.0,1,1.0,20
269,2022-09-05,40,0.5,2.5,6.0,22,1.0,24
269,2022-09-06,262,1.0,2.9,6.0,24,1.0,1
269,2022-09-07,232,1.0,2.5,5.0,9,1.0,4
269,2022-09-08,202,3.0,3.3,6.0,13,1.0,2
269,2022-09-09,183,4.3,4.3,7.0,14,3.0,3
269,2022-09-10,23,1.5,2.9,5.0,16,2.0,5
269,2022-09-11,335,0.5,1.2,3.0,16,0.0,8
269,2022-09-12,186,2.3,2.6,5.0,11,1.0,5
269,2022-09-13,342,1.3,2.1,3.0,9,0.0,22
269,2022-09-14,352,0.9,1.4,4.0,16,0.0,1
269,2022-09-15,308,4.0,4.2,6.0,13,3.0,1
269,2022-09-16,300,4.5,5.0,7.0,14,3.0,5
269,2022-09-17,313,5.0,5.1,7.0,12,3.0,24
269,2022-09-18,305,3.8,4.0,5.0,7,3.0,1
269,2022-09-19,311,3.5,3.7,6.0,12,1.0,22
269,2022-09-20,329,1.5,2.0,4.0,11,0.0,22
269,2022-09-21,26,0.4,0.8,2.0,12,0.0,1
269,2022-09-22,166,1.5,1.9,4.0,13,0.0,4
269,2022-09-23,186,2.2,2.3,3.0,11,0.0,2
269,2022-09-24,20,1.9,3.1,6.0,13,1.0,8
269,2022-09-25,262,1.7,2.2,4.0,13,0.0,6
269,2022-09-26,216,4.5,5.5,8.0,7,2.0,17
269,2022-09-27,246,2.8,3.4,7.0,13,1.0,24
269,2022-09-28,235,1.7,2.1,3.0,10,1.0,1
269,2022-09-29,209,0.5,1.1,2.0,9,0.0,6
269,2022-09-30,195,4.4,4.5,7.0,12,1.0,1
269,2022-10-01,234,5.7,6.6,10.0,2,4.0,20
269,2022-10-02,267,3.5,4.0,6.0,1,2.0,21
269,2022-10-03,223,1.5,1.9,4.0,16,1.0,6
269,2022-10-04,197,4.2,4.3,6.0,10,2.0,1
269,2022-10-05,217,7.9,8.1,11.0,14,5.0,24
269,2022-10-06,228,4.5,4.9,8.0,12,2.0,20
269,2022-10-07,208,5.2,5.5,8.0,10,3.0,1
269,2022-10-08,253,3.5,4.0,7.0,15,1.0,22
269,2022-10-09,161,2.5,2.7,5.0,11,1.0,1
269,2022-10-10,225,2.2,3.1,5.0,9,2.0,6
269,2022-10-11,233,0.9,1.3,3.0,10,0.0,17
269,2022-10-12,177,1.6,1.7,4.0,13,0.0,2
269,2022-10-13,202,1.4,2.3,4.0,8,1.0,14
269,2022-10-14,188,1.9,2.5,4.0,11,2.0,1
269,2022-10-15,200,4.2,4.5,6.0,14,2.0,4
269,2022-10-16,206,4.0,4.9,8.0,7,1.0,17
269,2022-10-17,207,2.7,3.2,6.0,9,1.0,22
269,2022-10-18,299,1.0,1.6,4.0,13,0.0,20
269,2022-10-19,82,3.4,3.5,6.0,11,0.0,3
269,2022-10-20,127,2.7,3.1,4.0,1,2.0,20
269,2022-10-21,174,2.7,2.8,4.0,2,1.0,5
269,2022-10-22,201,3.2,3.7,7.0,12,2.0,2
269,2022-10-23,148,2.8,3.5,6.0,23,2.0,1
269,2022-10-24,209,7.3,7.5,12.0,10,4.0,1
269,2022-10-25,205,4.1,4.4,6.0,2,2.0,18
269,2022-10-26,189,2.9,3.6,7.0,12,2.0,1
269,2022-10-27,160,2.9,3.0,5.0,11,2.0,4
269,2022-10-28,204,3.2,3.7,7.0,13,1.0,23
269,2022-10-29,159,1.8,2.1,4.0,24,1.0,1
269,2022-10-30,195,1.8,2.2,4.0,17,1.0,5
269,2022-10-31,132,2.2,2.8,5.0,24,1.0,6
269,2022-11-01,202,8.4,8.5,12.0,8,5.0,1
269,2022-11-02,211,6.5,6.9,9.0,2,4.0,17
269,2022-11-03,182,5.7,6.1,8.0,1,5.0,15
269,2022-11-04,242,2.6,2.9,5.0,2,2.0,8
269,2022-11-05,202,5.0,5.1,8.0,21,2.0,1
269,2022-11-06,192,7.6,7.7,10.0,24,6.0,6
269,2022-11-07,206,7.8,7.8,9.0,1,6.0,21
269,2022-11-08,188,6.4,6.5,8.0,9,4.0,22
269,2022-11-09,214,6.9,7.0,11.0,12,4.0,23
269,2022-11-10,208,6.4,6.5,8.0,11,5.0,1
269,2022-11-11,204,4.7,4.8,7.0,1,1.0,24
269,2022-11-12,117,1.0,1.8,3.0,2,0.0,8
269,2022-11-13,64,3.1,3.1,5.0,22,2.0,1
269,2022-11-14,122,2.7,3.4,5.0,11,2.0,19
269,2022-11-15,159,4.1,4.3,6.0,11,3.0,1
269,2022-11-16,149,3.5,4.4,7.0,23,3.0,3
269,2022-11-17,148,5.8,6.7,9.0,2,4.0,24
269,2022-11-18,111,3.3,4.0,7.0,19,2.0,5
269,2022-11-19,72,5.1,5.2,8.0,6,0.0,23
269,2022-11-20,104,1.8,2.5,4.0,18,0.0,1
269,2022-11-21,130,3.1,3.2,4.0,11,1.0,2
269,2022-11-22,174,5.0,5.1,7.0,8,4.0,2
269,2022-11-23,185,5.7,5.8,7.0,12,4.0,1
269,2022-11-24,194,5.1,5.3,7.0,2,3.0,16
269,2022-11-25,208,3.6,3.8,6.0,10,1.0,21
269,2022-11-26,180,3.3,3.4,5.0,13,2.0,1
269,2022-11-27,170,4.9,4.9,7.0,5,4.0,16
269,2022-11-28,200,2.6,2.9,5.0,5,1.0,16
269,2022-11-29,284,1.2,1.7,3.0,14,0.0,24
269,2022-11-30,23,1.5,1.8,3.0,11,0.0,4
269,2022-12-01,40,2.1,2.3,4.0,23,1.0,9
269,2022-12-02,56,5.7,5.8,8.0,19,3.0,1
269,2022-12-03,69,5.6,5.7,7.0,10,5.0,1
269,2022-12-04,65,5.5,5.6,6.0,7,4.0,4
269,2022-12-05,28,4.2,4.4,6.0,1,2.0,23
269,2022-12-06,277,2.0,2.5,4.0,13,2.0,1
269,2022-12-07,264,2.6,2.8,4.0,13,2.0,1
269,2022-12-08,227,2.0,2.3,4.0,2,0.0,22
269,2022-12-09,198,1.5,1.7,3.0,13,0.0,6
269,2022-12-10,196,3.4,3.5,5.0,11,2.0,20
269,2022-12-11,169,2.2,2.3,4.0,11,1.0,16
269,2022-12-12,166,1.6,1.7,2.0,2,1.0,1
269,2022-12-13,115,1.1,1.6,3.0,22,1.0,3
269,2022-12-14,88,0.1,1.8,3.0,1,1.0,5
269,2022-12-15,188,2.3,2.5,4.0,13,1.0,2
269,2022-12-16,16,1.1,2.0,4.0,2,1.0,6
269,2022-12-17,179,4.0,4.0,5.0,10,3.0,1
269,2022-12-18,150,2.9,3.3,6.0,21,1.0,6
269,2022-12-19,194,7.4,7.5,9.0,10,6.0,1
269,2022-12-20,205,6.1,6.3,9.0,10,3.0,22
269,2022-12-21,204,3.9,4.0,6.0,12,1.0,4
269,2022-12-22,223,2.7,3.3,6.0,12,1.0,5
269,2022-12-23,241,1.1,3.0,8.0,22,1.0,6
269,2022-12-24,225,4.6,4.9,8.0,1,3.0,16
269,2022-12-25,177,2.5,2.6,4.0,2,1.0,20
269,2022-12-26,229,5.5,5.9,10.0,9,4.0,1
269,2022-12-27,206,6.1,6.3,9.0,21,4.0,6
269,2022-12-28,208,9.6,9.8,11.0,5,8.0,1
269,2022-12-29,218,9.1,9.3,12.0,10,7.0,15
269,2022-12-30,200,7.6,8.2,12.0,19,5.0,4
269,2022-12-31,220,9.1,9.2,12.0,12,5.0,7
310,2022-01-01,183,8.2,8.3,10.0,13,6.0,1
310,2022-01-02,220,10.7,11.5,16.0,20,8.0,1
310,2022-01-03,216,9.5,9.7,14.0,1,7.0,19
310,2022-01-04,262,3.5,5.8,8.0,10,3.0,11
310,2022-01-05,287,7.9,8.0,10.0,3,5.0,22
310,2022-01-06,202,4.9,6.6,13.0,24,1.0,7
310,2022-01-07,219,7.4,8.6,13.0,1,3.0,23
310,2022-01-08,201,6.1,9.0,13.0,16,4.0,1
310,2022-01-09,265,6.3,7.0,11.0,4,3.0,16
310,2022-01-10,168,4.0,4.3,7.0,22,2.0,5
310,2022-01-11,180,5.8,6.0,8.0,2,4.0,23
310,2022-01-12,200,1.8,2.5,4.0,1,1.0,9
310,2022-01-13,216,3.7,3.8,5.0,22,3.0,12
310,2022-01-14,226,0.4,2.7,4.0,1,2.0,6
310,2022-01-15,147,3.1,4.2,6.0,24,2.0,13
310,2022-01-16,234,4.7,5.3,7.0,10,3.0,19
310,2022-01-17,284,3.7,3.9,6.0,6,2.0,23
310,2022-01-18,234,0.4,1.7,3.0,10,1.0,5
310,2022-01-19,251,3.3,5.4,10.0,15,1.0,1
310,2022-01-20,329,6.1,6.3,8.0,6,3.0,24
310,2022-01-21,299,4.0,4.3,6.0,13,2.0,9
310,2022-01-22,275,2.9,3.2,6.0,13,1.0,20
310,2022-01-23,163,2.1,2.5,4.0,13,1.0,6
310,2022-01-24,89,1.3,2.4,4.0,6,1.0,2
310,2022-01-25,73,0.4,1.8,4.0,23,1.0,7
310,2022-01-26,226,6.1,6.5,9.0,22,5.0,1
310,2022-01-27,249,7.5,8.3,12.0,7,4.0,19
310,2022-01-28,236,5.0,5.5,10.0,21,3.0,5
310,2022-01-29,247,10.8,11.5,15.0,14,6.0,24
310,2022-01-30,249,3.8,5.0,10.0,23,3.0,8
310,2022-01-31,294,10.3,11.2,15.0,5,4.0,23
310,2022-02-01,255,9.0,9.4,13.0,12,5.0,1
310,2022-02-02,260,5.7,6.3,9.0,3,3.0,13
310,2022-02-03,205,7.5,7.5,10.0,9,5.0,19
310,2022-02-04,230,8.4,10.1,14.0,11,7.0,15
310,2022-02-05,230,10.4,10.9,16.0,24,7.0,2
310,2022-02-06,247,13.0,14.2,22.0,11,7.0,21
310,2022-02-07,255,6.6,7.8,11.0,22,5.0,8
310,2022-02-08,231,9.9,10.1,12.0,4,8.0,19
310,2022-02-09,217,6.6,6.8,9.0,1,3.0,18
310,2022-02-10,262,4.3,5.1,9.0,24,2.0,9
310,2022-02-11,295,3.6,4.8,8.0,1,1.0,18
310,2022-02-12,173,8.0,8.1,11.0,13,5.0,1
310,2022-02-13,176,11.2,11.3,14.0,16,8.0,7
310,2022-02-14,210,9.6,10.3,15.0,4,4.0,23
310,2022-02-15,214,9.0,9.7,15.0,18,5.0,2
310,2022-02-16,228,15.4,15.9,23.0,22,9.0,1
310,2022-02-17,244,12.1,12.4,20.0,1,7.0,24
310,2022-02-18,227,14.9,16.7,28.0,16,6.0,2
310,2022-02-19,241,12.1,13.8,18.0,21,7.0,24
310,2022-02-20,229,13.6,14.7,22.0,21,5.0,1
310,2022-02-21,268,11.5,13.0,19.0,10,5.0,22
310,2022-02-22,239,7.9,8.9,17.0,16,4.0,2
310,2022-02-23,210,6.7,7.0,10.0,13,4.0,4
310,2022-02-24,233,8.9,10.9,14.0,12,8.0,4
310,2022-02-25,270,6.3,7.3,15.0,5,2.0,19
310,2022-02-26,120,3.5,4.6,8.0,21,2.0,1
310,2022-02-27,111,7.6,7.8,10.0,3,6.0,15
310,2022-02-28,147,5.1,5.3,8.0,10,3.0,20
310,2022-03-01,106,2.0,2.8,4.0,5,2.0,7
310,2022-03-02,71,3.8,3.9,6.0,18,2.0,1
310,2022-03-03,85,5.0,5.1,7.0,19,4.0,1
310,2022-03-04,88,4.5,4.6,7.0,8,3.0,2
310,2022-03-05,35,2.2,3.7,5.0,7,1.0,9
310,2022-03-06,31,6.2,6.3,9.0,9,4.0,23
310,2022-03-07,79,6.3,6.8,10.0,23,3.0,5
310,2022-03-08,117,7.6,7.8,10.0,1,5.0,22
310,2022-03-09,131,5.1,5.3,7.0,2,4.0,7
310,2022-03-10,110,5.3,5.5,8.0,21,3.0,5
310,2022-03-11,135,8.2,8.9,11.0,12,7.0,4
310,2022-03-12,161,7.5,7.8,10.0,3,3.0,18
310,2022-03-13,158,8.6,8.8,11.0,2,6.0,21
310,2022-03-14,222,3.4,4.5,7.0,1,1.0,18
310,2022-03-15,101,3.8,3.9,5.0,6,2.0,14
310,2022-03-16,115,5.7,6.7,8.0,6,5.0,1
310,2022-03-17,268,4.7,5.3,11.0,1,1.0,20
310,2022-03-18,59,3.1,3.7,8.0,15,1.0,1
310,2022-03-19,62,8.4,8.5,11.0,11,6.0,1
310,2022-03-20,95,2.5,4.5,7.0,4,1.0,13
310,2022-03-21,75,2.6,3.5,5.0,20,2.0,1
310,2022-03-22,78,3.1,3.5,4.0,3,3.0,1
310,2022-03-23,39,1.3,2.2,4.0,20,0.0,12
310,2022-03-24,341,2.3,2.7,4.0,15,1.0,1
310,2022-03-25,14,4.4,4.4,6.0,16,3.0,4
310,2022-03-26,22,5.3,5.4,7.0,17,3.0,9
310,2022-03-27,27,3.4,3.9,5.0,1,2.0,14
310,2022-03-28,352,1.7,3.0,4.0,12,1.0,9
310,2022-03-29,43,4.3,4.4,6.0,22,2.0,5
310,2022-03-30,32,3.8,4.6,8.0,24,2.0,15
310,2022-03-31,6,8.1,8.5,13.0,24,5.0,8
310,2022-04-01,22,10.2,10.2,13.0,1,6.0,24
310,2022-04-02,17,6.2,6.4,9.0,17,3.0,23
310,2022-04-03,260,3.0,4.1,9.0,24,1.0,6
310,2022-04-04,231,12.6,12.9,17.0,13,8.0,2
310,2022-04-05,244,9.4,9.5,11.0,1,8.0,16
310,2022-04-06,216,11.9,12.0,14.0,12,10.0,2
310,2022-04-07,241,13.5,14.5,20.0,14,6.0,24
310,2022-04-08,285,3.5,5.3,8.0,2,3.0,12
310,2022-04-09,273,5.4,5.8,9.0,11,1.0,21
310,2022-04-10,126,1.2,2.9,6.0,23,1.0,14
310,2022-04-11,93,7.3,7.4,10.0,13,3.0,2
310,2022-04-12,139,3.0,5.6,8.0,12,2.0,23
310,2022-04-13,241,2.7,2.8,4.0,2,1.0,17
310,2022-04-14,270,2.9,3.5,5.0,4,2.0,18
310,2022-04-15,45,2.5,3.1,5.0,22,2.0,3
310,2022-04-16,71,4.6,4.8,7.0,23,3.0,10
310,2022-04-17,98,5.1,5.2,7.0,20,3.0,12
310,2022-04-18,101,0.5,3.6,5.0,1,1.0,14
310,2022-04-19,359,3.5,3.8,6.0,15,2.0,3
310,2022-04-20,47,5.6,5.7,8.0,12,4.0,8
310,2022-04-21,49,6.3,6.5,8.0,11,5.0,1
310,2022-04-22,54,6.8,6.9,9.0,16,5.0,1
310,2022-04-23,60,7.6,7.8,10.0,12,5.0,23
310,2022-04-24,18,7.4,7.6,10.0,10,6.0,1
310,2022-04-25,8,5.4,5.5,7.0,12,3.0,22
310,2022-04-26,355,5.6,5.8,8.0,14,2.0,22
310,2022-04-27,18,4.0,4.1,7.0,16,2.0,1
310,2022-04-28,24,4.5,4.7,6.0,8,3.0,22
310,2022-04-29,10,5.4,5.5,8.0,16,3.0,10
310,2022-04-30,347,4.0,4.3,7.0,13,1.0,24
310,2022-05-01,360,0.8,2.2,4.0,16,1.0,1
310,2022-05-02,355,2.9,3.5,6.0,14,1.0,3
310,2022-05-03,348,3.8,3.9,7.0,17,2.0,4
310,2022-05-04,268,1.4,2.6,4.0,12,1.0,8
310,2022-05-05,289,2.9,3.9,6.0,14,1.0,24
310,2022-05-06,258,2.6,3.1,6.0,14,1.0,1
310,2022-05-07,339,3.5,4.3,7.0,16,2.0,5
310,2022-05-08,14,4.9,5.3,7.0,7,3.0,24
310,2022-05-09,66,1.4,3.0,4.0,2,1.0,21
310,2022-05-10,228,5.5,7.0,9.0,11,5.0,1
310,2022-05-11,240,8.3,8.8,14.0,20,6.0,1
310,2022-05-12,253,5.9,6.2,9.0,19,3.0,4
310,2022-05-13,240,8.2,8.5,10.0,9,5.0,24
310,2022-05-14,291,1.7,4.1,6.0,1,3.0,6
310,2022-05-15,79,4.9,5.1,8.0,17,3.0,3
310,2022-05-16,232,5.4,6.9,12.0,11,2.0,5
310,2022-05-17,50,0.4,3.5,6.0,9,2.0,6
310,2022-05-18,248,0.9,4.6,7.0,4,2.0,14
310,2022-05-19,257,1.6,4.3,8.0,11,1.0,21
310,2022-05-20,236,2.6,5.8,11.0,18,1.0,1
310,2022-05-21,256,5.4,5.9,11.0,4,1.0,21
310,2022-05-22,101,1.9,2.5,4.0,12,1.0,2
310,2022-05-23,278,2.8,4.7,11.0,20,1.0,1
310,2022-05-24,231,8.0,8.4,12.0,9,5.0,13
310,2022-05-25,223,9.5,9.8,13.0,15,6.0,1
310,2022-05-26,241,9.7,9.9,13.0,16,8.0,1
310,2022-05-27,270,5.8,6.3,12.0,1,2.0,20
310,2022-05-28,335,5.3,5.4,7.0,11,3.0,23
310,2022-05-29,345,4.3,4.6,7.0,13,3.0,1
310,2022-05-30,339,0.9,2.5,4.0,10,1.0,4
310,2022-05-31,236,2.1,4.3,8.0,20,1.0,10
310,2022-06-01,266,3.9,4.8,7.0,11,2.0,21
310,2022-06-02,33,3.0,3.9,7.0,17,1.0,4
310,2022-06-03,52,5.4,5.7,8.0,15,4.0,4
310,2022-06-04,39,7.4,7.6,9.0,2,5.0,20
310,2022-06-05,292,1.4,5.4,10.0,20,1.0,13
310,2022-06-06,230,8.4,8.8,12.0,10,4.0,20
310,2022-06-07,237,4.9,5.5,7.0,1,3.0,22
310,2022-06-08,213,6.5,7.9,13.0,18,4.0,3
310,2022-06-09,247,6.0,6.5,10.0,1,4.0,7
310,2022-06-10,223,5.0,5.8,7.0,2,4.0,15
310,2022-06-11,246,6.4,6.6,8.0,21,5.0,7
310,2022-06-12,255,5.6,5.7,8.0,21,3.0,5
310,2022-06-13,317,3.6,4.1,7.0,8,2.0,20
310,2022-06-14,64,2.2,3.3,6.0,18,1.0,1
310,2022-06-15,31,3.4,3.8,5.0,15,3.0,4
310,2022-06-16,83,2.0,2.8,5.0,12,1.0,16
310,2022-06-17,210,3.1,4.4,7.0,15,3.0,1
310,2022-06-18,338,4.0,6.1,12.0,23,1.0,10
310,2022-06-19,3,6.2,6.4,11.0,1,4.0,14
310,2022-06-20,357,4.8,4.9,7.0,15,3.0,2
310,2022-06-21,59,2.8,3.8,5.0,6,3.0,2
310,2022-06-22,13,4.9,5.0,7.0,16,3.0,1
310,2022-06-23,149,1.1,4.9,7.0,12,3.0,22
310,2022-06-24,201,2.3,3.8,7.0,22,1.0,18
310,2022-06-25,187,3.8,5.0,7.0,2,1.0,13
310,2022-06-26,192,2.2,4.4,7.0,2,2.0,22
310,2022-06-27,240,4.0,5.1,9.0,19,1.0,1
310,2022-06-28,181,3.3,4.5,7.0,1,1.0,13
310,2022-06-29,322,1.9,3.2,7.0,24,1.0,10
310,2022-06-30,222,3.7,4.5,7.0,22,2.0,4
310,2022-07-01,218,6.3,6.8,9.0,17,3.0,16
310,2022-07-02,216,3.9,5.2,7.0,1,3.0,19
310,2022-07-03,247,6.0,6.3,9.0,10,4.0,23
310,2022-07-04,250,4.0,4.5,6.0,15,2.0,9
310,2022-07-05,291,3.1,3.7,6.0,12,2.0,4
310,2022-07-06,241,4.2,4.6,9.0,21,1.0,11
310,2022-07-07,318,6.6,6.8,10.0,10,2.0,24
310,2022-07-08,279,2.8,3.1,5.0,9,1.0,22
310,2022-07-09,328,4.3,5.4,8.0,12,2.0,1
310,2022-07-10,288,2.6,3.2,5.0,11,1.0,1
310,2022-07-11,36,1.3,2.8,5.0,24,1.0,1
310,2022-07-12,128,1.9,2.8,6.0,1,1.0,11
310,2022-07-13,320,2.6,4.3,6.0,5,2.0,1
310,2022-07-14,351,3.2,3.9,7.0,16,2.0,1
310,2022-07-15,263,3.0,3.5,6.0,13,1.0,3
310,2022-07-16,9,3.9,4.5,5.0,1,3.0,22
310,2022-07-17,94,2.7,3.2,5.0,18,2.0,5
310,2022-07-18,100,2.4,2.6,5.0,22,1.0,10
310,2022-07-19,118,3.8,5.5,10.0,24,3.0,9
310,2022-07-20,227,5.8,6.6,12.0,1,2.0,14
310,2022-07-21,301,3.9,5.1,7.0,3,2.0,23
310,2022-07-22,23,3.1,3.5,6.0,18,2.0,1
310,2022-07-23,259,0.3,2.9,7.0,24,1.0,10
310,2022-07-24,217,3.6,4.5,7.0,5,1.0,20
310,2022-07-25,245,9.7,9.9,14.0,16,1.0,1
310,2022-07-26,339,4.3,4.8,6.0,1,2.0,23
310,2022-07-27,12,3.9,4.1,6.0,16,1.0,6
310,2022-07-28,45,5.5,5.8,7.0,9,4.0,5
310,2022-07-29,351,3.2,3.6,5.0,1,2.0,8
310,2022-07-30,250,2.2,3.0,6.0,21,1.0,6
310,2022-07-31,241,7.1,7.7,12.0,16,4.0,23
310,2022-08-01,18,1.7,3.5,7.0,23,2.0,12
310,2022-08-02,235,5.8,6.5,9.0,18,4.0,3
310,2022-08-03,246,3.6,4.3,7.0,5,1.0,20
310,2022-08-04,302,3.4,4.5,6.0,12,3.0,10
310,2022-08-05,335,4.1,4.4,7.0,13,1.0,21
310,2022-08-06,7,2.6,2.7,5.0,15,1.0,1
310,2022-08-07,2,3.1,3.3,5.0,13,2.0,1
310,2022-08-08,13,4.3,4.5,7.0,16,3.0,1
310,2022-08-09,18,5.1,5.3,7.0,14,4.0,1
310,2022-08-10,30,4.7,4.9,7.0,11,3.0,14
310,2022-08-11,36,4.0,4.4,6.0,16,3.0,7
310,2022-08-12,47,4.0,4.5,8.0,17,3.0,9
310,2022-08-13,60,3.3,4.0,6.0,18,1.0,16
310,2022-08-14,79,2.0,4.1,8.0,23,2.0,17
310,2022-08-15,225,4.0,4.7,7.0,16,2.0,20
310,2022-08-16,226,2.1,3.9,7.0,2,1.0,15
310,2022-08-17,18,2.8,3.5,6.0,9,1.0,18
310,2022-08-18,269,2.3,3.0,6.0,23,1.0,6
310,2022-08-19,234,6.0,6.3,9.0,22,5.0,6
310,2022-08-20,246,4.6,5.2,9.0,13,1.0,4
310,2022-08-21,234,3.8,5.1,8.0,4,1.0,20
310,2022-08-22,90,1.9,4.1,8.0,19,1.0,22
310,2022-08-23,251,2.8,3.4,5.0,14,2.0,1
310,2022-08-24,53,1.2,3.0,5.0,16,1.0,8
310,2022-08-25,334,3.1,5.2,9.0,15,2.0,9
310,2022-08-26,341,4.5,4.7,7.0,12,1.0,24
310,2022-08-27,9,4.0,4.2,7.0,17,1.0,1
310,2022-08-28,26,5.3,5.5,8.0,16,3.0,4
310,2022-08-29,30,3.8,4.3,6.0,15,3.0,3
310,2022-08-30,22,6.3,6.4,9.0,12,4.0,2
310,2022-08-31,30,7.0,7.0,10.0,10,5.0,1
310,2022-09-01,53,4.8,5.2,7.0,12,4.0,6
310,2022-09-02,77,3.5,4.2,6.0,9,3.0,5
310,2022-09-03,105,2.1,2.9,5.0,1,1.0,7
310,2022-09-04,119,1.0,3.0,6.0,24,1.0,1
310,2022-09-05,96,3.5,4.5,10.0,21,1.0,13
310,2022-09-06,144,0.4,4.2,8.0,2,1.0,14
310,2022-09-07,170,5.6,6.2,8.0,10,3.0,19
310,2022-09-08,184,6.2,6.6,9.0,21,3.0,17
310,2022-09-09,202,8.6,9.5,12.0,6,7.0,1
310,2022-09-10,288,5.0,5.3,9.0,3,2.0,23
310,2022-09-11,161,1.2,2.1,5.0,22,0.0,4
310,2022-09-12,171,3.3,3.4,5.0,4,1.0,20
310,2022-09-13,10,3.0,3.5,5.0,15,1.0,1
310,2022-09-14,42,2.7,3.3,5.0,1,1.0,19
310,2022-09-15,317,4.5,4.6,7.0,14,2.0,1
310,2022-09-16,312,6.2,6.3,9.0,12,3.0,7
310,2022-09-17,311,7.2,7.3,9.0,12,6.0,3
310,2022-09-18,296,6.9,7.3,10.0,13,4.0,23
310,2022-09-19,316,4.3,4.4,7.0,10,2.0,5
310,2022-09-20,341,1.9,2.5,4.0,14,1.0,2
310,2022-09-21,104,1.0,1.8,2.0,4,1.0,1
310,2022-09-22,154,2.8,3.2,5.0,20,1.0,9
310,2022-09-23,200,5.1,5.2,8.0,21,4.0,1
310,2022-09-24,7,4.0,6.0,9.0,12,3.0,23
310,2022-09-25,270,1.9,3.6,8.0,24,1.0,5
310,2022-09-26,233,5.2,8.5,12.0,8,5.0,14
310,2022-09-27,282,5.6,6.4,11.0,16,2.0,20
310,2022-09-28,241,2.9,4.0,7.0,16,1.0,2
310,2022-09-29,281,1.9,2.5,5.0,15,0.0,21
310,2022-09-30,195,7.9,8.2,17.0,24,2.0,2
310,2022-10-01,238,8.2,9.2,16.0,1,6.0,6
310,2022-10-02,276,4.0,5.0,9.0,2,2.0,19
310,2022-10-03,205,2.9,3.3,5.0,22,2.0,1
310,2022-10-04,194,6.6,6.8,10.0,23,5.0,1
310,2022-10-05,214,9.7,10.7,13.0,14,8.0,1
310,2022-10-06,235,7.0,7.7,11.0,1,4.0,19
310,2022-10-07,204,7.7,7.9,9.0,12,5.0,24
310,2022-10-08,267,4.4,5.0,7.0,3,2.0,19
310,2022-10-09,138,4.4,4.6,6.0,16,3.0,1
310,2022-10-10,250,1.8,5.1,8.0,2,2.0,24
310,2022-10-11,212,0.5,1.9,3.0,6,1.0,1
310,2022-10-12,178,3.2,3.5,7.0,24,1.0,4
310,2022-10-13,192,3.8,4.6,8.0,11,1.0,16
310,2022-10-14,203,3.9,4.6,6.0,8,2.0,18
310,2022-10-15,201,6.5,7.3,9.0,13,5.0,3
310,2022-10-16,165,4.3,6.0,9.0,3,1.0,13
310,2022-10-17,198,4.5,5.1,8.0,5,2.0,23
310,2022-10-18,14,2.3,2.8,4.0,15,1.0,4
310,2022-10-19,72,7.4,7.5,10.0,21,5.0,1
310,2022-10-20,136,5.7,6.5,8.0,1,4.0,20
310,2022-10-21,173,6.3,6.5,9.0,18,4.0,4
310,2022-10-22,188,5.2,6.1,9.0,5,4.0,16
310,2022-10-23,142,6.1,7.1,10.0,14,4.0,1
310,2022-10-24,204,10.0,10.3,13.0,3,6.0,17
310,2022-10-25,183,5.4,6.4,8.0,1,5.0,15
310,2022-10-26,183,5.4,6.4,9.0,14,4.0,20
310,2022-10-27,155,6.0,6.3,9.0,12,3.0,21
310,2022-10-28,210,4.0,4.9,8.0,10,2.0,1
310,2022-10-29,143,3.6,4.3,7.0,9,2.0,2
310,2022-10-30,201,3.7,4.3,6.0,14,3.0,2
310,2022-10-31,133,4.6,5.6,11.0,24,3.0,4
310,2022-11-01,196,12.6,12.8,15.0,3,9.0,22
310,2022-11-02,197,9.8,10.9,15.0,5,8.0,10
310,2022-11-03,181,8.0,9.5,12.0,1,6.0,23
310,2022-11-04,271,1.5,3.6,7.0,1,2.0,7
310,2022-11-05,192,7.7,8.0,11.0,21,3.0,1
310,2022-11-06,182,11.1,11.3,13.0,14,10.0,1
310,2022-11-07,188,10.1,10.3,12.0,1,8.0,17
310,2022-11-08,177,10.0,10.3,11.0,7,9.0,4
310,2022-11-09,205,9.4,9.6,13.0,10,7.0,6
310,2022-11-10,198,8.3,8.4,10.0,8,7.0,1
310,2022-11-11,178,7.2,7.3,11.0,8,3.0,24
310,2022-11-12,128,3.0,3.3,5.0,24,2.0,15
310,2022-11-13,79,2.5,2.8,4.0,9,1.0,2
310,2022-11-14,166,4.6,4.9,8.0,17,1.0,4
310,2022-11-15,163,8.2,8.6,11.0,12,6.0,24
310,2022-11-16,150,8.3,9.5,17.0,23,5.0,1
310,2022-11-17,191,11.3,11.8,15.0,8,8.0,24
310,2022-11-18,197,4.9,5.7,8.0,1,1.0,19
310,2022-11-19,45,3.7,4.0,6.0,7,1.0,2
310,2022-11-20,226,2.4,6.3,13.0,16,2.0,1
310,2022-11-21,162,5.5,7.7,12.0,18,4.0,2
310,2022-11-22,181,9.5,9.7,12.0,9,7.0,21
310,2022-11-23,182,9.1,9.5,12.0,10,8.0,1
310,2022-11-24,182,8.6,9.0,12.0,19,7.0,2
310,2022-11-25,213,6.5,6.9,10.0,7,4.0,18
310,2022-11-26,177,7.2,7.4,11.0,23,4.0,8
310,2022-11-27,168,8.6,8.7,11.0,8,6.0,21
310,2022-11-28,195,4.2,4.3,7.0,3,2.0,21
310,2022-11-29,218,2.1,2.2,3.0,1,1.0,10
310,2022-11-30,236,0.3,2.0,3.0,10,1.0,13
310,2022-12-01,25,3.3,3.4,5.0,12,2.0,6
310,2022-12-02,38,5.7,5.8,8.0,19,3.0,1
310,2022-12-03,50,5.9,6.0,8.0,1,5.0,11
310,2022-12-04,49,5.7,5.7,7.0,10,4.0,24
310,2022-12-05,20,3.3,3.4,4.0,1,3.0,2
310,2022-12-06,310,2.1,2.9,6.0,14,1.0,9
310,2022-12-07,304,3.1,3.4,6.0,24,2.0,1
310,2022-12-08,273,3.4,4.8,7.0,2,2.0,10
310,2022-12-09,162,2.5,3.1,5.0,22,2.0,4
310,2022-12-10,192,4.9,5.1,7.0,10,3.0,4
310,2022-12-11,174,5.3,5.5,8.0,1,4.0,15
310,2022-12-12,143,4.5,5.0,6.0,5,4.0,3
310,2022-12-13,67,3.9,4.1,6.0,1,3.0,4
310,2022-12-14,28,1.2,2.8,4.0,5,1.0,17
310,2022-12-15,244,2.2,2.8,4.0,1,1.0,5
310,2022-12-16,9,0.7,2.5,5.0,1,1.0,12
310,2022-12-17,172,4.7,5.0,7.0,14,4.0,10
310,2022-12-18,138,7.4,7.8,11.0,22,5.0,4
310,2022-12-19,178,11.4,11.4,13.0,4,10.0,1
310,2022-12-20,187,7.3,7.6,12.0,4,3.0,20
310,2022-12-21,190,6.4,6.5,9.0,11,2.0,3
310,2022-12-22,216,5.5,6.2,10.0,19,1.0,3
310,2022-12-23,229,7.8,9.6,16.0,17,4.0,8
310,2022-12-24,207,6.7,7.3,11.0,1,5.0,14
310,2022-12-25,175,4.2,4.6,7.0,4,2.0,14
310,2022-12-26,224,6.4,7.4,11.0,8,5.0,11
310,2022-12-27,195,8.2,8.4,11.0,20,6.0,8
310,2022-12-28,192,12.9,13.0,15.0,4,11.0,12
310,2022-12-29,212,11.9,11.9,15.0,5,9.0,24
310,2022-12-30,189,10.4,11.4,16.0,14,9.0,1
310,2022-12-31,202,11.8,12.0,15.0,13,7.0,2
330,2022-01-01,194,8.0,8.1,10.0,13,6.0,3
330,2022-01-02,220,9.7,10.2,14.0,21,8.0,14
330,2022-01-03,227,9.3,9.3,12.0,1,7.0,24
330,2022-01-04,293,5.2,7.9,11.0,21,5.0,9
330,2022-01-05,299,12.1,12.9,15.0,9,10.0,22
330,2022-01-06,223,4.5,7.5,13.0,23,2.0,8
330,2022-01-07,246,7.6,9.2,12.0,1,7.0,8
330,2022-01-08,217,6.2,10.0,15.0,24,6.0,6
330,2022-01-09,284,8.2,8.6,15.0,2,3.0,22
330,2022-01-10,179,4.4,4.6,7.0,23,3.0,1
330,2022-01-11,187,6.1,6.3,8.0,1,3.0,24
330,2022-01-12,192,1.9,3.3,5.0,22,1.0,9
330,2022-01-13,213,4.6,4.6,5.0,1,3.0,16
330,2022-01-14,315,0.8,3.3,5.0,1,2.0,17
330,2022-01-15,154,4.1,4.7,6.0,6,3.0,1
330,2022-01-16,268,5.7,6.7,9.0,5,5.0,1
330,2022-01-17,302,5.8,6.1,8.0,6,2.0,24
330,2022-01-18,219,1.6,2.5,5.0,9,1.0,6
330,2022-01-19,296,4.7,7.1,12.0,21,1.0,1
330,2022-01-20,342,11.8,12.0,14.0,5,9.0,24
330,2022-01-21,319,7.1,7.7,10.0,3,6.0,8
330,2022-01-22,291,4.3,4.5,6.0,2,3.0,19
330,2022-01-23,199,1.7,2.5,4.0,15,1.0,6
330,2022-01-24,104,1.6,2.5,3.0,1,2.0,2
330,2022-01-25,61,1.2,2.3,3.0,1,1.0,18
330,2022-01-26,245,5.7,6.3,9.0,21,2.0,1
330,2022-01-27,272,8.5,9.8,12.0,12,8.0,2
330,2022-01-28,253,4.9,6.5,10.0,21,2.0,9
330,2022-01-29,258,9.5,10.9,13.0,12,9.0,1
330,2022-01-30,294,4.7,7.4,11.0,1,3.0,16
330,2022-01-31,313,16.0,17.0,21.0,10,9.0,24
330,2022-02-01,271,9.6,10.0,12.0,11,8.0,1
330,2022-02-02,267,5.7,6.5,11.0,1,3.0,16
330,2022-02-03,220,7.6,7.7,9.0,2,6.0,18
330,2022-02-04,255,9.2,11.9,14.0,21,9.0,1
330,2022-02-05,245,11.3,12.4,16.0,22,9.0,11
330,2022-02-06,267,12.0,14.4,18.0,21,10.0,12
330,2022-02-07,275,7.9,9.9,16.0,1,7.0,17
330,2022-02-08,229,9.5,9.6,11.0,7,8.0,19
330,2022-02-09,226,8.5,8.5,11.0,5,5.0,18
330,2022-02-10,276,5.5,6.4,12.0,23,2.0,8
330,2022-02-11,316,6.5,7.8,14.0,3,2.0,17
330,2022-02-12,185,8.2,8.3,10.0,14,5.0,1
330,2022-02-13,184,11.2,11.3,13.0,15,10.0,1
330,2022-02-14,217,9.3,10.4,13.0,3,6.0,24
330,2022-02-15,225,8.4,9.1,13.0,17,6.0,1
330,2022-02-16,226,13.7,13.9,18.0,18,8.0,1
330,2022-02-17,257,12.4,12.7,17.0,3,7.0,24
330,2022-02-18,233,13.8,15.7,24.0,18,6.0,3
330,2022-02-19,255,12.1,14.1,19.0,1,10.0,12
330,2022-02-20,234,12.9,13.9,19.0,20,6.0,3
330,2022-02-21,284,14.5,16.2,20.0,2,10.0,22
330,2022-02-22,254,8.2,9.5,14.0,16,6.0,4
330,2022-02-23,226,7.2,7.7,10.0,12,5.0,9
330,2022-02-24,248,8.7,11.0,14.0,13,8.0,2
330,2022-02-25,289,9.0,9.8,15.0,6,2.0,24
330,2022-02-26,146,3.9,4.5,8.0,24,1.0,1
330,2022-02-27,130,7.8,8.0,10.0,22,7.0,1
330,2022-02-28,160,6.3,6.4,8.0,4,5.0,17
330,2022-03-01,132,2.1,3.4,6.0,1,1.0,14
330,2022-03-02,95,4.2,4.3,6.0,10,3.0,1
330,2022-03-03,108,5.4,5.5,9.0,12,4.0,2
330,2022-03-04,111,5.4,5.5,7.0,22,4.0,18
330,2022-03-05,53,4.7,5.8,9.0,23,3.0,7
330,2022-03-06,42,8.3,8.5,10.0,2,4.0,24
330,2022-03-07,94,5.2,5.3,8.0,14,3.0,1
330,2022-03-08,133,7.3,7.5,10.0,9,5.0,24
330,2022-03-09,143,5.5,5.7,7.0,3,4.0,12
330,2022-03-10,134,5.6,5.7,8.0,14,3.0,3
330,2022-03-11,139,8.4,8.8,11.0,12,6.0,21
330,2022-03-12,168,7.5,7.9,10.0,4,3.0,18
330,2022-03-13,161,8.2,8.5,10.0,2,6.0,18
330,2022-03-14,215,4.6,5.0,8.0,1,3.0,18
330,2022-03-15,143,1.6,3.0,6.0,24,2.0,2
330,2022-03-16,131,7.1,7.5,10.0,7,5.0,2
330,2022-03-17,279,5.4,6.7,12.0,5,3.0,19
330,2022-03-18,51,2.8,4.2,8.0,22,1.0,6
330,2022-03-19,79,8.2,8.3,11.0,11,6.0,1
330,2022-03-20,110,3.6,5.9,9.0,1,2.0,13
330,2022-03-21,106,1.7,3.6,5.0,7,2.0,13
330,2022-03-22,93,2.3,3.2,4.0,4,2.0,1
330,2022-03-23,20,1.0,2.3,4.0,1,1.0,6
330,2022-03-24,11,1.8,1.9,4.0,16,0.0,8
330,2022-03-25,26,5.0,5.2,8.0,14,3.0,7
330,2022-03-26,28,4.5,4.7,8.0,19,1.0,7
330,2022-03-27,31,5.2,5.4,8.0,17,2.0,23
330,2022-03-28,20,2.4,3.0,5.0,20,1.0,4
330,2022-03-29,69,4.1,4.3,6.0,24,3.0,1
330,2022-03-30,40,6.1,6.5,13.0,23,3.0,7
330,2022-03-31,32,11.7,12.1,20.0,23,6.0,6
330,2022-04-01,38,14.3,14.4,17.0,9,11.0,24
330,2022-04-02,32,8.7,9.1,12.0,16,3.0,24
330,2022-04-03,288,2.7,4.4,9.0,24,1.0,3
330,2022-04-04,246,11.5,11.8,15.0,7,9.0,1
330,2022-04-05,250,8.4,8.8,11.0,9,6.0,2
330,2022-04-06,221,12.2,12.3,14.0,13,8.0,2
330,2022-04-07,258,12.4,14.2,17.0,17,10.0,7
330,2022-04-08,307,7.3,8.3,12.0,2,4.0,11
330,2022-04-09,300,9.0,9.4,12.0,6,7.0,16
330,2022-04-10,313,2.7,4.1,7.0,1,2.0,10
330,2022-04-11,112,6.3,6.4,9.0,14,4.0,2
330,2022-04-12,149,3.9,5.3,7.0,4,1.0,21
330,2022-04-13,221,3.7,3.8,5.0,2,3.0,4
330,2022-04-14,285,1.9,3.0,4.0,1,1.0,17
330,2022-04-15,42,3.8,4.3,8.0,17,2.0,5
330,2022-04-16,96,5.0,5.1,7.0,16,3.0,5
330,2022-04-17,120,5.0,5.0,6.0,3,3.0,11
330,2022-04-18,132,1.3,4.4,6.0,1,1.0,13
330,2022-04-19,26,4.5,5.4,9.0,16,2.0,4
330,2022-04-20,46,5.6,6.1,8.0,20,4.0,5
330,2022-04-21,52,6.5,6.8,10.0,19,4.0,3
330,2022-04-22,69,7.6,7.8,10.0,12,6.0,2
330,2022-04-23,78,8.9,9.0,11.0,12,7.0,3
330,2022-04-24,26,9.4,9.8,13.0,15,7.0,1
330,2022-04-25,32,7.3,7.4,11.0,22,4.0,19
330,2022-04-26,12,8.0,8.5,11.0,4,6.0,20
330,2022-04-27,16,5.3,5.4,7.0,12,3.0,3
330,2022-04-28,30,6.3,6.7,11.0,17,3.0,5
330,2022-04-29,30,7.9,8.1,11.0,18,5.0,2
330,2022-04-30,356,6.0,6.3,9.0,11,3.0,24
330,2022-05-01,17,2.0,3.0,5.0,13,1.0,2
330,2022-05-02,8,4.7,5.0,9.0,16,1.0,2
330,2022-05-03,7,5.8,6.0,10.0,17,3.0,1
330,2022-05-04,353,0.9,2.2,4.0,12,1.0,7
330,2022-05-05,289,1.7,3.2,5.0,15,1.0,24
330,2022-05-06,227,3.2,3.6,6.0,15,1.0,1
330,2022-05-07,354,4.9,6.0,10.0,19,2.0,2
330,2022-05-08,28,7.7,7.9,10.0,1,4.0,24
330,2022-05-09,71,1.0,3.2,5.0,6,1.0,9
330,2022-05-10,218,7.5,8.1,11.0,10,6.0,1
330,2022-05-11,236,8.7,9.0,11.0,16,6.0,1
330,2022-05-12,245,6.8,7.1,9.0,18,5.0,5
330,2022-05-13,241,8.3,8.5,10.0,19,7.0,1
330,2022-05-14,314,2.0,3.8,7.0,1,2.0,9
330,2022-05-15,99,5.3,5.5,8.0,17,2.0,1
330,2022-05-16,209,6.0,7.7,12.0,11,5.0,6
330,2022-05-17,318,0.6,3.7,7.0,13,1.0,7
330,2022-05-18,273,0.4,4.4,7.0,7,3.0,1
330,2022-05-19,236,1.0,4.0,8.0,3,1.0,20
330,2022-05-20,235,3.3,6.3,10.0,18,2.0,1
330,2022-05-21,264,5.9,6.1,10.0,1,1.0,21
330,2022-05-22,59,1.4,3.6,6.0,18,1.0,1
330,2022-05-23,302,1.8,4.8,9.0,15,1.0,7
330,2022-05-24,242,7.2,7.4,9.0,1,5.0,20
330,2022-05-25,229,9.7,9.9,13.0,14,5.0,3
330,2022-05-26,241,9.1,9.3,13.0,19,7.0,3
330,2022-05-27,290,7.9,8.2,10.0,2,5.0,17
330,2022-05-28,337,8.8,9.0,11.0,1,8.0,9
330,2022-05-29,349,8.1,8.3,10.0,5,5.0,24
330,2022-05-30,338,3.0,3.5,5.0,1,2.0,17
330,2022-05-31,166,0.4,3.2,5.0,14,1.0,9
330,2022-06-01,289,5.8,6.3,9.0,3,3.0,1
330,2022-06-02,21,5.2,5.5,10.0,20,2.0,5
330,2022-06-03,57,6.0,6.5,9.0,15,4.0,4
330,2022-06-04,43,8.0,8.2,10.0,5,7.0,7
330,2022-06-05,354,2.2,6.5,9.0,4,3.0,18
330,2022-06-06,250,8.5,8.7,11.0,9,6.0,18
330,2022-06-07,258,4.5,5.3,8.0,1,2.0,16
330,2022-06-08,209,6.1,6.9,9.0,11,4.0,6
330,2022-06-09,248,5.6,6.3,9.0,2,4.0,7
330,2022-06-10,219,6.9,7.1,9.0,10,5.0,15
330,2022-06-11,240,7.0,7.1,9.0,21,5.0,7
330,2022-06-12,266,5.5,5.8,7.0,1,4.0,24
330,2022-06-13,309,5.7,6.0,10.0,5,3.0,1
330,2022-06-14,12,1.8,4.1,7.0,17,2.0,3
330,2022-06-15,33,4.9,5.9,9.0,17,2.0,8
330,2022-06-16,42,1.5,2.8,4.0,12,1.0,22
330,2022-06-17,196,5.3,5.8,10.0,22,3.0,1
330,2022-06-18,11,7.5,8.7,15.0,23,2.0,5
330,2022-06-19,8,8.5,8.7,15.0,2,6.0,14
330,2022-06-20,354,6.6,6.7,10.0,10,3.0,23
330,2022-06-21,36,3.2,4.7,8.0,19,2.0,10
330,2022-06-22,21,6.0,6.2,10.0,16,2.0,1
330,2022-06-23,89,1.2,3.3,6.0,14,2.0,18
330,2022-06-24,218,3.3,4.4,7.0,8,1.0,1
330,2022-06-25,215,2.3,4.4,7.0,3,2.0,18
330,2022-06-26,197,2.6,4.5,6.0,3,2.0,24
330,2022-06-27,238,3.0,4.0,8.0,12,1.0,6
330,2022-06-28,176,1.3,4.8,7.0,17,3.0,13
330,2022-06-29,18,1.2,5.1,7.0,13,4.0,5
330,2022-06-30,270,4.2,5.0,9.0,15,3.0,7
330,2022-07-01,228,6.8,7.1,9.0,18,6.0,1
330,2022-07-02,211,4.4,5.1,7.0,1,2.0,18
330,2022-07-03,258,5.2,5.4,8.0,13,3.0,21
330,2022-07-04,285,4.0,4.3,5.0,3,2.0,23
330,2022-07-05,318,4.7,4.8,8.0,15,1.0,1
330,2022-07-06,269,5.0,5.6,8.0,24,2.0,9
330,2022-07-07,334,10.1,10.5,13.0,3,6.0,23
330,2022-07-08,295,4.0,4.3,7.0,13,2.0,21
330,2022-07-09,346,6.1,6.9,11.0,16,2.0,1
330,2022-07-10,312,4.7,5.2,6.0,1,3.0,24
330,2022-07-11,19,3.6,4.3,7.0,19,3.0,1
330,2022-07-12,186,2.6,3.6,5.0,8,1.0,17
330,2022-07-13,332,3.0,5.6,8.0,15,4.0,2
330,2022-07-14,356,4.4,5.1,8.0,16,1.0,8
330,2022-07-15,287,3.6,4.6,7.0,1,2.0,7
330,2022-07-16,3,5.1,5.7,8.0,2,2.0,24
330,2022-07-17,84,1.1,2.7,4.0,15,1.0,22
330,2022-07-18,102,1.1,3.0,4.0,3,2.0,4
330,2022-07-19,126,5.3,5.5,7.0,13,4.0,1
330,2022-07-20,223,6.0,6.3,10.0,8,4.0,15
330,2022-07-21,322,6.9,8.0,12.0,15,4.0,2
330,2022-07-22,11,4.6,4.8,7.0,18,2.0,8
330,2022-07-23,3,0.2,2.8,5.0,24,1.0,8
330,2022-07-24,214,4.5,5.0,7.0,8,2.0,20
330,2022-07-25,242,7.7,8.1,12.0,15,2.0,1
330,2022-07-26,347,7.2,7.7,10.0,1,5.0,24
330,2022-07-27,12,5.5,6.4,9.0,19,5.0,9
330,2022-07-28,70,5.9,6.3,7.0,7,5.0,3
330,2022-07-29,14,4.8,5.4,8.0,17,3.0,3
330,2022-07-30,281,2.4,3.4,5.0,3,1.0,17
330,2022-07-31,237,6.5,7.6,10.0,10,5.0,24
330,2022-08-01,16,4.5,5.9,8.0,5,3.0,21
330,2022-08-02,213,6.7,7.6,10.0,17,5.0,2
330,2022-08-03,221,4.8,5.2,8.0,9,1.0,18
330,2022-08-04,332,3.8,5.0,7.0,19,2.0,11
330,2022-08-05,344,6.1,6.5,9.0,14,4.0,10
330,2022-08-06,344,4.0,4.0,5.0,1,2.0,10
330,2022-08-07,358,3.5,3.7,5.0,13,3.0,7
330,2022-08-08,26,4.6,5.1,9.0,18,2.0,3
330,2022-08-09,26,6.6,7.0,12.0,18,3.0,3
330,2022-08-10,32,5.4,5.8,9.0,16,2.0,23
330,2022-08-11,44,4.3,5.3,8.0,16,2.0,7
330,2022-08-12,41,3.6,4.2,8.0,17,1.0,3
330,2022-08-13,74,3.3,4.8,7.0,17,3.0,1
330,2022-08-14,57,2.8,4.4,7.0,13,2.0,2
330,2022-08-15,218,3.6,4.3,9.0,5,2.0,14
330,2022-08-16,229,1.8,4.0,6.0,11,2.0,17
330,2022-08-17,10,5.0,5.7,10.0,6,3.0,10
330,2022-08-18,357,3.0,3.5,5.0,1,1.0,20
330,2022-08-19,253,3.6,4.7,7.0,24,3.0,1
330,2022-08-20,251,2.9,4.5,7.0,1,1.0,5
330,2022-08-21,240,2.8,4.4,7.0,14,1.0,19
330,2022-08-22,92,2.8,3.9,6.0,16,2.0,6
330,2022-08-23,240,2.4,3.3,5.0,12,2.0,2
330,2022-08-24,37,0.8,4.7,7.0,17,2.0,24
330,2022-08-25,330,3.2,6.3,11.0,21,1.0,1
330,2022-08-26,351,7.6,7.8,10.0,5,4.0,24
330,2022-08-27,31,6.2,6.6,11.0,18,2.0,2
330,2022-08-28,34,6.6,7.1,10.0,16,4.0,24
330,2022-08-29,37,4.4,5.0,8.0,17,1.0,9
330,2022-08-30,40,7.6,8.1,12.0,17,4.0,5
330,2022-08-31,51,7.9,8.0,9.0,10,6.0,2
330,2022-09-01,81,5.6,5.8,7.0,1,4.0,15
330,2022-09-02,101,6.4,6.5,7.0,2,5.0,12
330,2022-09-03,90,2.0,4.0,7.0,1,1.0,13
330,2022-09-04,76,1.2,3.3,6.0,17,1.0,10
330,2022-09-05,131,2.7,5.1,8.0,21,2.0,15
330,2022-09-06,160,0.7,4.7,9.0,1,2.0,5
330,2022-09-07,168,3.3,5.0,7.0,3,2.0,16
330,2022-09-08,194,5.8,6.1,8.0,9,5.0,1
330,2022-09-09,195,6.4,7.3,10.0,11,5.0,1
330,2022-09-10,335,5.6,6.4,8.0,4,2.0,24
330,2022-09-11,73,0.9,2.1,4.0,24,1.0,2
330,2022-09-12,180,3.4,4.0,6.0,9,1.0,19
330,2022-09-13,14,3.9,4.8,7.0,18,2.0,1
330,2022-09-14,13,2.3,4.0,8.0,23,2.0,8
330,2022-09-15,326,8.9,9.2,12.0,20,6.0,1
330,2022-09-16,333,12.1,12.3,16.0,24,8.0,11
330,2022-09-17,328,13.0,13.2,14.0,1,11.0,10
330,2022-09-18,324,12.4,13.0,15.0,15,12.0,7
330,2022-09-19,335,8.2,8.5,11.0,1,5.0,24
330,2022-09-20,357,5.0,5.8,8.0,4,3.0,23
330,2022-09-21,135,0.9,2.0,3.0,7,1.0,12
330,2022-09-22,167,3.2,3.4,5.0,15,2.0,4
330,2022-09-23,202,4.8,5.1,7.0,19,2.0,17
330,2022-09-24,39,7.0,8.4,13.0,8,3.0,4
330,2022-09-25,322,2.0,4.2,8.0,23,1.0,8
330,2022-09-26,282,6.2,10.8,15.0,23,6.0,13
330,2022-09-27,313,7.9,8.8,13.0,1,4.0,24
330,2022-09-28,267,3.5,5.3,10.0,1,2.0,10
330,2022-09-29,96,0.7,2.6,4.0,1,1.0,10
330,2022-09-30,199,7.8,7.9,14.0,23,2.0,1
330,2022-10-01,258,9.3,10.2,14.0,1,8.0,4
330,2022-10-02,304,7.4,7.8,10.0,1,6.0,13
330,2022-10-03,225,2.7,3.4,5.0,1,2.0,5
330,2022-10-04,199,7.0,7.1,9.0,23,4.0,1
330,2022-10-05,221,9.5,11.0,15.0,22,9.0,1
330,2022-10-06,242,7.4,8.3,13.0,1,6.0,19
330,2022-10-07,213,7.5,7.8,10.0,23,6.0,1
330,2022-10-08,282,6.4,7.0,10.0,2,2.0,21
330,2022-10-09,152,5.1,5.4,7.0,9,4.0,1
330,2022-10-10,291,3.5,7.2,11.0,13,6.0,1
330,2022-10-11,283,1.1,3.2,6.0,1,2.0,6
330,2022-10-12,177,3.5,3.9,6.0,23,2.0,3
330,2022-10-13,201,2.7,4.2,7.0,3,1.0,16
330,2022-10-14,203,3.9,4.8,6.0,8,4.0,1
330,2022-10-15,205,7.0,7.4,10.0,18,5.0,1
330,2022-10-16,190,4.9,6.1,9.0,1,2.0,17
330,2022-10-17,205,5.4,6.1,8.0,2,3.0,24
330,2022-10-18,8,1.6,2.8,5.0,17,1.0,9
330,2022-10-19,93,6.5,6.7,10.0,11,3.0,4
330,2022-10-20,145,5.8,6.5,8.0,3,4.0,20
330,2022-10-21,177,5.7,5.8,7.0,10,4.0,3
330,2022-10-22,197,5.7,6.3,9.0,8,3.0,17
330,2022-10-23,147,6.5,6.9,10.0,19,3.0,1
330,2022-10-24,208,9.8,10.0,14.0,6,7.0,18
330,2022-10-25,198,5.0,5.9,7.0,1,4.0,21
330,2022-10-26,188,5.5,6.6,9.0,12,4.0,20
330,2022-10-27,167,6.6,6.8,10.0,9,3.0,24
330,2022-10-28,208,5.9,6.6,10.0,16,4.0,1
330,2022-10-29,162,4.4,5.0,8.0,11,3.0,2
330,2022-10-30,205,4.0,4.3,6.0,18,3.0,4
330,2022-10-31,144,5.3,6.0,10.0,22,3.0,7
330,2022-11-01,200,12.3,12.5,14.0,4,10.0,24
330,2022-11-02,211,9.2,10.9,14.0,6,8.0,11
330,2022-11-03,191,7.7,10.2,12.0,9,7.0,24
330,2022-11-04,305,3.6,5.6,9.0,21,1.0,14
330,2022-11-05,205,7.1,7.8,11.0,21,4.0,4
330,2022-11-06,189,10.7,10.8,13.0,15,9.0,9
330,2022-11-07,195,10.2,10.3,12.0,8,8.0,11
330,2022-11-08,185,9.3,9.8,12.0,12,6.0,22
330,2022-11-09,221,8.4,9.1,12.0,13,7.0,20
330,2022-11-10,210,8.0,8.2,10.0,22,6.0,4
330,2022-11-11,197,6.9,7.0,10.0,8,4.0,23
330,2022-11-12,152,3.4,3.5,5.0,8,2.0,21
330,2022-11-13,108,3.4,3.5,6.0,20,1.0,15
330,2022-11-14,146,4.7,5.3,8.0,19,3.0,1
330,2022-11-15,164,8.1,8.5,11.0,15,6.0,1
330,2022-11-16,154,7.6,8.6,13.0,24,5.0,2
330,2022-11-17,180,10.4,11.2,15.0,1,8.0,24
330,2022-11-18,180,5.4,5.9,8.0,1,1.0,19
330,2022-11-19,89,5.7,5.7,8.0,9,3.0,24
330,2022-11-20,127,0.6,6.9,14.0,20,2.0,18
330,2022-11-21,155,5.4,7.2,12.0,20,4.0,4
330,2022-11-22,180,8.9,9.1,11.0,3,6.0,23
330,2022-11-23,187,8.9,9.2,12.0,11,6.0,1
330,2022-11-24,191,8.1,8.8,12.0,19,6.0,7
330,2022-11-25,233,5.6,6.5,8.0,1,4.0,24
330,2022-11-26,185,7.0,7.1,12.0,24,3.0,1
330,2022-11-27,175,8.7,8.8,12.0,1,5.0,23
330,2022-11-28,203,4.0,4.1,6.0,2,2.0,22
330,2022-11-29,126,0.7,1.8,5.0,16,0.0,14
330,2022-11-30,76,1.3,2.3,5.0,21,0.0,1
330,2022-12-01,53,3.8,3.9,5.0,2,2.0,11
330,2022-12-02,58,7.4,7.5,10.0,13,3.0,1
330,2022-12-03,74,6.7,6.9,9.0,1,5.0,24
330,2022-12-04,74,6.4,6.5,7.0,6,5.0,1
330,2022-12-05,48,7.0,7.0,9.0,21,4.0,24
330,2022-12-06,350,3.6,5.3,9.0,21,1.0,9
330,2022-12-07,325,6.9,7.4,9.0,2,4.0,22
330,2022-12-08,316,4.6,7.0,12.0,5,2.0,10
330,2022-12-09,175,3.7,4.1,6.0,21,2.0,13
330,2022-12-10,187,6.1,6.1,7.0,8,5.0,1
330,2022-12-11,176,5.0,5.2,6.0,3,4.0,2
330,2022-12-12,156,3.8,4.0,5.0,1,3.0,6
330,2022-12-13,107,3.7,3.8,6.0,21,2.0,8
330,2022-12-14,87,1.6,3.0,4.0,1,1.0,15
330,2022-12-15,290,2.1,5.3,12.0,23,2.0,2
330,2022-12-16,58,3.1,4.5,13.0,1,1.0,11
330,2022-12-17,178,6.3,6.5,8.0,13,5.0,1
330,2022-12-18,152,7.5,7.8,11.0,22,4.0,4
330,2022-12-19,187,11.6,11.7,13.0,7,10.0,2
330,2022-12-20,192,7.7,7.9,12.0,3,3.0,19
330,2022-12-21,196,6.0,6.0,8.0,10,3.0,1
330,2022-12-22,227,4.8,5.5,8.0,19,3.0,3
330,2022-12-23,229,4.5,6.1,12.0,21,3.0,6
330,2022-12-24,216,6.0,6.5,10.0,1,4.0,17
330,2022-12-25,188,4.8,5.0,7.0,4,3.0,15
330,2022-12-26,253,8.1,9.4,11.0,7,7.0,1
330,2022-12-27,217,7.4,9.0,13.0,24,5.0,9
330,2022-12-28,201,12.2,12.4,14.0,1,11.0,14
330,2022-12-29,219,10.5,10.6,14.0,3,8.0,20
330,2022-12-30,195,10.5,11.3,14.0,12,7.0,1
330,2022-12-31,211,10.2,10.5,13.0,23,6.0,5
