date,avg_wind_speed_all_stations,vector_avg_wind_speed_all_stations,avg_wind_direction,station_count,avg_wind_speed_cubed,wind_direction_sin,wind_direction_cos
2022-01-01,8.22,8.12,198.6,5,555.4122480000001,-0.31895930929806965,-0.9477684100095858
2022-01-02,10.8,10.26,223.6,5,1259.7120000000002,-0.6896195437356698,-0.7241718614374675
2022-01-03,10.16,10.059999999999999,228.8,5,1048.7720960000001,-0.7524149088957245,-0.6586894601186803
2022-01-04,7.08,5.14,277.8,5,354.89491200000003,-0.9907478404714436,0.1357155724343046
2022-01-05,11.16,10.379999999999999,296.2,5,1389.9288960000001,-0.8972583696743285,0.44150585279174503
2022-01-06,7.0200000000000005,4.6,222.0,5,345.9484080000001,-0.6691306063588582,-0.7431448254773942
2022-01-07,9.3,8.16,235.0,5,804.3570000000002,-0.8191520442889916,-0.5735764363510464
2022-01-08,9.0,6.1,209.0,5,729.0,-0.48480962024633695,-0.8746197071393959
2022-01-09,7.859999999999999,7.38,277.0,5,485.58765599999987,-0.992546151641322,0.12186934340514768
2022-01-10,3.7,3.5200000000000005,172.2,5,50.653000000000006,0.13571557243430446,-0.9907478404714436
2022-01-11,5.68,5.319999999999999,190.6,5,183.25043199999996,-0.18395135061272008,-0.9829353491495543
2022-01-12,3.5799999999999996,2.7800000000000002,221.6,5,45.882711999999984,-0.6639262126522416,-0.7477980904985319
2022-01-13,5.5,5.42,229.2,5,166.375,-0.7569950556517562,-0.6534206039901056
2022-01-14,3.2399999999999998,1.9,278.4,5,34.012223999999996,-0.9892723329629883,0.1460830285624112
2022-01-15,4.1,3.5799999999999996,162.4,5,68.92099999999998,0.3023698907504446,-0.9531906677929469
2022-01-16,6.74,6.0,259.6,5,306.182024,-0.983571470813386,-0.18051914525055954
2022-01-17,6.1,5.84,295.6,5,226.98099999999997,-0.9018325264051136,0.4320857488019827
2022-01-18,3.2600000000000002,2.46,222.0,5,34.645976000000005,-0.6691306063588582,-0.7431448254773942
2022-01-19,7.159999999999999,4.9799999999999995,269.2,5,367.06169599999987,-0.9999025240093042,-0.013962180339145475
2022-01-20,9.82,9.64,336.6,5,946.966168,-0.39714789063478034,0.9177546256839813
2022-01-21,6.840000000000001,6.519999999999999,309.0,5,320.0135040000001,-0.7771459614569708,0.6293203910498375
2022-01-22,4.46,4.26,293.8,5,88.716536,-0.9149596678498249,0.4035452963523898
2022-01-23,2.4,1.8199999999999998,199.0,5,13.823999999999998,-0.32556815445715676,-0.9455185755993167
2022-01-24,2.2600000000000002,1.6,139.2,5,11.543176000000004,0.6534206039901056,-0.7569950556517563
2022-01-25,2.3,1.52,136.0,5,12.166999999999998,0.6946583704589971,-0.7193398003386513
2022-01-26,7.0,6.5,238.4,5,343.0,-0.8517269341430478,-0.5239859059700788
2022-01-27,9.92,8.74,268.0,5,976.1914879999999,-0.9993908270190958,-0.03489949670250076
2022-01-28,6.7,5.14,255.4,5,300.76300000000003,-0.9677091704819711,-0.25206935824311394
2022-01-29,11.68,10.52,257.4,5,1593.4136319999998,-0.9759167619387472,-0.21814324139654323
2022-01-30,7.4799999999999995,5.42,280.4,5,418.5089919999999,-0.983571470813386,0.18051914525055918
2022-01-31,14.219999999999999,13.059999999999999,307.8,5,2875.403447999999,-0.7901550123756901,0.6129070536529769
2022-02-01,10.34,9.86,270.0,5,1105.507304,-1.0,-1.8369701987210297e-16
2022-02-02,6.44,5.6,269.6,5,267.0899840000001,-0.9999756307053947,-0.006981260297961302
2022-02-03,7.92,7.839999999999999,218.6,5,496.793088,-0.623879596709386,-0.781520472418819
2022-02-04,11.22,9.059999999999999,247.0,5,1412.4678480000002,-0.9205048534524403,-0.3907311284892738
2022-02-05,12.3,11.48,241.4,5,1860.8670000000004,-0.8779829754279804,-0.478691857940607
2022-02-06,13.84,12.0,261.6,5,2650.9911039999997,-0.9892723329629883,-0.14608302856241157
2022-02-07,9.66,7.959999999999999,271.6,5,901.4286960000001,-0.9996101150403544,0.027921638723569623
2022-02-08,9.98,9.86,232.4,5,994.0119920000001,-0.7922896433551906,-0.6101451639012678
2022-02-09,7.859999999999999,7.720000000000001,226.8,5,485.58765599999987,-0.7289686274214116,-0.6845471059286886
2022-02-10,6.12,5.56,267.4,5,229.22092800000001,-0.9989705697907146,-0.04536298812925469
2022-02-11,7.220000000000001,5.84,307.2,5,376.3670480000001,-0.7965299180241967,0.6045991148623744
2022-02-12,7.980000000000001,7.859999999999999,185.8,5,508.16959200000025,-0.10105629718294659,-0.9948807088287882
2022-02-13,10.080000000000002,9.940000000000001,184.6,5,1024.1925120000005,-0.0801989243288587,-0.9967788784562471
2022-02-14,10.879999999999999,10.02,216.0,5,1287.9134719999997,-0.587785252292473,-0.8090169943749475
2022-02-15,9.559999999999999,8.959999999999999,223.8,5,873.7228159999996,-0.6921431738704069,-0.721760228098362
2022-02-16,14.16,13.719999999999999,228.0,5,2839.1592960000003,-0.7431448254773944,-0.6691306063588581
2022-02-17,13.180000000000001,12.959999999999999,259.8,5,2289.5294320000007,-0.984195607969242,-0.17708474031958307
2022-02-18,15.879999999999999,13.919999999999998,232.0,5,4004.5294719999993,-0.7880107536067221,-0.6156614753256581
2022-02-19,13.540000000000001,11.64,251.2,5,2482.3098640000003,-0.9466492601156963,-0.32226569523051124
2022-02-20,14.16,12.98,233.0,5,2839.1592960000003,-0.7986355100472928,-0.6018150231520483
2022-02-21,14.780000000000001,13.16,279.2,5,3228.667352000001,-0.987136265072988,0.15988118769183446
2022-02-22,9.559999999999999,8.18,252.2,5,873.7228159999996,-0.9521293927421386,-0.30569530496310604
2022-02-23,8.74,8.24,224.4,5,667.6276240000001,-0.6996633405133654,-0.7144726796328034
2022-02-24,11.28,9.24,239.4,5,1435.2491519999999,-0.8607420270039438,-0.5090414157503711
2022-02-25,9.08,8.18,282.2,5,748.6133120000001,-0.9774158942860959,0.21132479645538854
2022-02-26,3.9799999999999995,3.1,151.2,5,63.04479199999998,0.4817536741017156,-0.8763066800438635
2022-02-27,6.58,6.4399999999999995,127.2,5,284.890312,0.7965299180241964,-0.6045991148623748
2022-02-28,5.42,5.34,156.2,5,159.220088,0.40354529635239006,-0.9149596678498247
2022-03-01,2.94,1.86,118.8,5,25.412184,0.8763066800438637,-0.48175367410171505
2022-03-02,4.9399999999999995,4.86,78.0,5,120.55378399999996,0.9781476007338056,0.20791169081775945
2022-03-03,5.4399999999999995,5.34,91.8,5,160.98918399999997,0.9995065603657316,-0.03141075907812828
2022-03-04,5.220000000000001,5.140000000000001,97.4,5,142.23664800000006,0.9916711623830904,-0.1287955965775629
2022-03-05,5.14,4.279999999999999,58.2,5,135.79674399999996,0.849892692986864,0.5269557954966775
2022-03-06,6.540000000000001,6.38,40.8,5,279.7262640000001,0.6534206039901054,0.7569950556517564
2022-03-07,4.779999999999999,4.4,85.0,5,109.21535199999995,0.9961946980917455,0.08715574274765814
2022-03-08,6.5,6.36,126.6,5,274.625,0.8028174751911147,-0.5962248749656156
2022-03-09,4.9399999999999995,4.8,142.0,5,120.55378399999996,0.6156614753256584,-0.7880107536067219
2022-03-10,4.9399999999999995,4.76,126.8,5,120.55378399999996,0.8007313709487336,-0.5990235985155858
2022-03-11,8.16,7.859999999999999,132.0,5,543.3384960000001,0.7431448254773942,-0.6691306063588582
2022-03-12,6.720000000000001,6.18,161.0,5,303.46444800000006,0.3255681544571566,-0.9455185755993168
2022-03-13,6.8,6.4799999999999995,151.8,5,314.43199999999996,0.47255076486905373,-0.8813034520649924
2022-03-14,4.82,4.24,219.6,5,111.98016800000002,-0.6374239897486896,-0.7705132427757893
2022-03-15,3.1399999999999997,2.42,131.2,5,30.95914399999999,0.7524149088957246,-0.6586894601186801
2022-03-16,6.26,5.84,126.6,5,245.31437599999998,0.8028174751911147,-0.5962248749656156
2022-03-17,6.56,5.32,266.8,5,282.3004159999999,-0.998440764181981,-0.055821504993164066
2022-03-18,4.14,2.68,55.8,5,70.95794399999998,0.8270805742745618,0.5620833778521307
2022-03-19,8.280000000000001,8.18,72.8,5,567.6635520000002,0.9552783621223436,0.2957080500440467
2022-03-20,6.14,4.6,101.8,5,231.47554399999996,0.978867388761685,-0.20449605184179034
2022-03-21,3.46,2.08,109.0,5,41.421735999999996,0.9455185755993168,-0.32556815445715664
2022-03-22,3.28,2.82,77.8,5,35.28755199999999,0.9774158942860959,0.2113247964553888
2022-03-23,3.08,2.46,49.4,5,29.218112,0.7592713073348808,0.6507742172658509
2022-03-24,2.62,2.2600000000000002,83.6,5,17.984728,0.9937679191605964,0.11146893220632569
2022-03-25,3.8200000000000003,3.66,19.4,5,55.74296800000001,0.3321611318837033,0.943222657947601
2022-03-26,4.1,3.8200000000000003,16.4,5,68.92099999999998,0.2823414568428764,0.9593139745400575
2022-03-27,4.76,4.44,38.0,5,107.85017599999999,0.6156614753256583,0.7880107536067219
2022-03-28,3.2,2.5,96.8,5,32.76800000000001,0.9929655081065369,-0.11840396830650082
2022-03-29,4.3,4.14,55.0,5,79.50699999999999,0.8191520442889918,0.573576436351046
2022-03-30,5.38,5.06,41.0,5,155.72087199999999,0.6560590289905073,0.754709580222772
2022-03-31,9.86,9.6,30.4,5,958.5852559999998,0.5060337641211637,0.8625136692072575
2022-04-01,11.24,11.14,35.2,5,1420.0346240000001,0.5764323161697933,0.8171448983351285
2022-04-02,6.88,6.58,28.6,5,325.660672,0.4786918579406068,0.8779829754279805
2022-04-03,4.88,3.5799999999999996,277.8,5,116.214272,-0.9907478404714436,0.1357155724343046
2022-04-04,11.66,11.16,245.0,5,1585.2422960000001,-0.9063077870366502,-0.42261826174069916
2022-04-05,7.82,7.56,250.6,5,478.21176800000006,-0.9432226579476009,-0.3321611318837037
2022-04-06,12.78,12.68,221.8,5,2087.3369519999997,-0.6665324702494526,-0.745475999682862
2022-04-07,14.280000000000001,12.78,251.2,5,2911.9547520000006,-0.9466492601156963,-0.32226569523051124
2022-04-08,7.82,6.82,294.0,5,478.21176800000006,-0.9135454576426011,0.40673664307579976
2022-04-09,8.540000000000001,8.26,295.8,5,622.8358640000002,-0.9003187714021934,0.4352310993723277
2022-04-10,4.26,2.98,261.2,5,77.308776,-0.9882283814465528,-0.15298583628403845
2022-04-11,5.74,5.5200000000000005,98.4,5,189.11922400000003,0.9892723329629883,-0.14608302856241176
2022-04-12,5.04,3.72,133.6,5,128.024064,0.7241718614374677,-0.6896195437356695
2022-04-13,4.18,4.04,227.0,5,73.03463199999999,-0.7313537016191705,-0.6819983600624986
2022-04-14,3.16,2.1599999999999997,285.0,5,31.554496000000004,-0.9659258262890684,0.2588190451025203
2022-04-15,3.9799999999999995,3.54,45.8,5,63.04479199999998,0.7169106076504828,0.6971651028545646
2022-04-16,4.92,4.8,93.2,5,119.09548799999999,0.998440764181981,-0.055821504993163816
2022-04-17,4.74,4.64,119.0,5,106.49642400000002,0.8746197071393959,-0.484809620246337
2022-04-18,4.0,1.22,134.4,5,64.0,0.7144726796328033,-0.6996633405133654
2022-04-19,5.04,4.58,117.4,5,128.024064,0.8878153851364013,-0.4601997847838516
2022-04-20,6.5200000000000005,6.26,56.4,5,277.16780800000004,0.8329212407100994,0.5533915492433441
2022-04-21,6.9,6.640000000000001,58.4,5,328.50900000000007,0.8517269341430477,0.5239859059700791
2022-04-22,7.959999999999999,7.82,65.4,5,504.35833599999984,0.9092361090470685,0.41628079226040116
2022-04-23,9.14,9.02,70.8,5,763.5519440000002,0.944376370237481,0.3288666467385833
2022-04-24,8.58,8.34,35.8,5,631.6287120000001,0.5849576749872154,0.8110638189893267
2022-04-25,6.859999999999999,6.68,33.8,5,322.8288559999999,0.5562956155003047,0.8309844692743283
2022-04-26,6.42,6.08,146.8,5,264.609288,0.5475632234925503,-0.8367643134589616
2022-04-27,4.0,3.62,143.8,5,64.0,0.5906056676199253,-0.806960312143802
2022-04-28,5.18,4.96,36.8,5,138.991832,0.5990235985155858,0.8007313709487335
2022-04-29,6.22,6.0200000000000005,28.4,5,240.64184799999998,0.4756242090702752,0.8796485728666165
2022-04-30,4.58,4.2,349.4,5,96.071912,-0.18395135061272044,0.9829353491495542
2022-05-01,2.66,1.6,102.0,5,18.821096000000004,0.9781476007338057,-0.20791169081775934
2022-05-02,3.8200000000000003,3.1399999999999997,78.0,5,55.74296800000001,0.9781476007338056,0.20791169081775945
2022-05-03,4.5600000000000005,4.36,78.8,5,94.81881600000003,0.9809551553491915,0.1942343512199721
2022-05-04,2.1,1.06,317.8,5,9.261000000000001,-0.67172058932299,0.7408045962867502
2022-05-05,3.0,1.78,284.6,5,27.0,-0.9677091704819712,0.2520693582431136
2022-05-06,3.78,3.4200000000000004,239.4,5,54.01015199999999,-0.8607420270039438,-0.5090414157503711
2022-05-07,5.0200000000000005,3.9,285.8,5,126.50600800000004,-0.9622179935292853,0.27228024704057474
2022-05-08,5.84,5.5,25.6,5,199.17670399999997,0.4320857488019823,0.9018325264051138
2022-05-09,3.1,1.4,84.6,5,29.791000000000004,0.99556196460308,0.0941083133185145
2022-05-10,7.519999999999999,6.779999999999999,220.2,5,425.25900799999977,-0.6454576877239504,-0.7637960286346424
2022-05-11,8.959999999999999,8.5,236.2,5,719.3231359999997,-0.8309844692743283,-0.5562956155003047
2022-05-12,6.74,6.4799999999999995,247.6,5,306.182024,-0.9245460336123132,-0.38107037635027396
2022-05-13,8.82,8.559999999999999,243.2,5,686.1289680000001,-0.8925858184521253,-0.4508775406894311
2022-05-14,3.56,1.92,306.8,5,45.118016000000004,-0.8007313709487336,0.5990235985155857
2022-05-15,5.779999999999999,5.6,82.8,5,193.10055199999994,0.9921147013144779,0.12533323356430426
2022-05-16,6.82,4.42,211.4,5,317.21456800000004,-0.5210096318405764,-0.8535507972753275
2022-05-17,3.7399999999999998,0.82,158.4,5,52.31362399999999,0.36812455268467775,-0.9297764858882515
2022-05-18,3.9200000000000004,0.54,225.2,5,60.236288000000016,-0.7095707365365207,-0.7046342099635949
2022-05-19,4.4399999999999995,1.58,241.0,5,87.52838399999997,-0.8746197071393959,-0.48480962024633684
2022-05-20,5.4,2.44,237.4,5,157.46400000000003,-0.8424523970071474,-0.5387707850068633
2022-05-21,6.4,6.0600000000000005,261.0,5,262.14400000000006,-0.9876883405951377,-0.15643446504023104
2022-05-22,3.34,1.6600000000000001,115.2,5,37.25970399999999,0.9048270524660195,-0.4257792915650727
2022-05-23,4.86,1.48,274.4,5,114.79125600000002,-0.9970527522269202,0.07671902812681812
2022-05-24,7.88,7.6,240.0,5,489.30387199999996,-0.8660254037844385,-0.5000000000000004
2022-05-25,9.82,9.64,227.2,5,946.966168,-0.7337298645028761,-0.6794413042615167
2022-05-26,9.38,9.139999999999999,245.2,5,825.2936720000002,-0.9077774785329087,-0.419452082446177
2022-05-27,8.319999999999999,8.1,284.2,5,575.9303679999997,-0.969445349895139,0.24530738587880208
2022-05-28,7.9,7.76,330.6,5,493.03900000000004,-0.4909037536151403,0.8712138111201897
2022-05-29,6.5,6.220000000000001,346.4,5,274.625,-0.2351421131025906,0.9719610005785461
2022-05-30,3.12,1.9,318.8,5,30.371328000000002,-0.6586894601186805,0.7524149088957245
2022-05-31,3.38,1.6,173.8,5,38.614472,0.1079993557060229,-0.9941509639723154
2022-06-01,4.9,4.04,283.6,5,117.64900000000003,-0.9719610005785462,0.23514211310259014
2022-06-02,4.16,3.2600000000000002,150.2,5,71.991296,0.4969739610275555,-0.8677654533689283
2022-06-03,7.0,6.7,57.6,5,343.0,0.8443279255020151,0.5358267949789965
2022-06-04,8.08,7.959999999999999,47.4,5,527.5141120000001,0.7360970871197343,0.6768759696826608
2022-06-05,6.4799999999999995,3.5,158.8,5,272.09779199999997,0.3616245700820921,-0.9323238012155123
2022-06-06,9.459999999999999,9.02,244.4,5,846.5905359999997,-0.9018325264051138,-0.4320857488019822
2022-06-07,6.42,5.82,253.2,5,264.609288,-0.9573194975320671,-0.2890317969444722
2022-06-08,6.04,5.159999999999999,211.2,5,220.348864,-0.51802700937313,-0.8553642601605068
2022-06-09,6.220000000000001,5.4399999999999995,253.6,5,240.64184800000007,-0.9593139745400575,-0.2823414568428766
2022-06-10,6.88,6.56,216.8,5,325.660672,-0.5990235985155861,-0.8007313709487333
2022-06-11,7.06,6.9,238.8,5,351.89581599999997,-0.8553642601605066,-0.5180270093731303
2022-06-12,5.6,5.34,259.4,5,175.61599999999996,-0.9829353491495542,-0.18395135061272036
2022-06-13,5.62,5.36,301.0,5,177.50432800000002,-0.8571673007021123,0.5150380749100542
2022-06-14,3.78,2.08,205.8,5,54.01015199999999,-0.43523109937232773,-0.9003187714021934
2022-06-15,4.5,4.0200000000000005,48.2,5,91.125,0.7454759996828623,0.6665324702494524
2022-06-16,2.7399999999999998,1.44,88.0,5,20.570823999999995,0.9993908270190958,0.03489949670250108
2022-06-17,5.5,4.88,201.4,5,166.375,-0.36487678433761983,-0.9310558158625283
2022-06-18,6.359999999999999,5.220000000000001,145.2,5,257.25945599999994,0.5707135676844317,-0.821149209133704
2022-06-19,6.5200000000000005,6.1,72.8,5,277.16780800000004,0.9552783621223436,0.2957080500440467
2022-06-20,5.84,5.62,343.8,5,199.17670399999997,-0.2789911060392288,0.9602936856769432
2022-06-21,3.46,2.2800000000000002,83.8,5,41.421735999999996,0.9941509639723154,0.10799935570602284
2022-06-22,4.74,4.36,24.4,5,106.49642400000002,0.41310442982454176,0.9106836608061771
2022-06-23,4.279999999999999,2.2199999999999998,101.2,5,78.40275199999996,0.9809551553491915,-0.19423435121997196
2022-06-24,4.16,3.0799999999999996,220.2,5,71.991296,-0.6454576877239504,-0.7637960286346424
2022-06-25,4.42,2.56,206.0,5,86.350888,-0.43837114678907746,-0.8987940462991669
2022-06-26,4.16,2.6399999999999997,214.2,5,71.991296,-0.5620833778521303,-0.827080574274562
2022-06-27,3.8200000000000003,2.9,228.4,5,55.74296800000001,-0.747798090498532,-0.6639262126522415
2022-06-28,4.74,2.12,197.6,5,106.49642400000002,-0.30236989075044435,-0.953190667792947
2022-06-29,4.279999999999999,1.6,126.6,5,78.40275199999996,0.8028174751911147,-0.5962248749656156
2022-06-30,4.84,3.5,269.2,5,113.379904,-0.9999025240093042,-0.013962180339145475
2022-07-01,7.5,7.3,225.4,5,421.875,-0.7120260459909964,-0.7021530529951625
2022-07-02,5.24,4.62,213.0,5,143.877824,-0.5446390350150271,-0.838670567945424
2022-07-03,5.18,4.9,258.2,5,138.991832,-0.9788673887616849,-0.204496051841791
2022-07-04,5.12,4.76,264.4,5,134.21772800000002,-0.9952273999818312,-0.09758289975914979
2022-07-05,5.08,4.720000000000001,296.8,5,131.09651200000002,-0.8925858184521255,0.45087754068943076
2022-07-06,6.14,5.58,261.0,5,231.47554399999996,-0.9876883405951377,-0.15643446504023104
2022-07-07,9.040000000000001,8.68,326.0,5,738.7632640000003,-0.5591929034707466,0.8290375725550418
2022-07-08,4.34,4.0600000000000005,282.2,5,81.74650399999999,-0.9774158942860959,0.21132479645538854
2022-07-09,6.44,5.76,333.6,5,267.0899840000001,-0.44463517918492745,0.8957117602394129
2022-07-10,5.18,4.68,305.0,5,138.991832,-0.8191520442889918,0.573576436351046
2022-07-11,3.3599999999999994,2.3600000000000003,152.4,5,37.93305599999998,0.4632960351198616,-0.8862035792312147
2022-07-12,3.6799999999999997,2.8,183.0,5,49.83603199999999,-0.052335956242943564,-0.9986295347545738
2022-07-13,4.9799999999999995,3.02,326.2,5,123.50599199999996,-0.5562956155003047,0.8309844692743283
2022-07-14,4.459999999999999,4.040000000000001,335.2,5,88.71653599999995,-0.41945208244617704,0.9077774785329087
2022-07-15,4.9,4.1,273.6,5,117.64900000000003,-0.9980267284282716,0.06279051952931372
2022-07-16,5.2,4.82,208.6,5,140.608,-0.4786918579406067,-0.8779829754279806
2022-07-17,2.56,1.52,133.0,5,16.777216000000003,0.7313537016191706,-0.6819983600624984
2022-07-18,2.7600000000000002,1.7399999999999998,140.4,5,21.024576000000007,0.6374239897486895,-0.7705132427757894
2022-07-19,4.38,3.78,121.2,5,84.027672,0.8553642601605067,-0.5180270093731301
2022-07-20,6.359999999999999,5.76,225.6,5,257.25945599999994,-0.7144726796328031,-0.6996633405133657
2022-07-21,6.18,4.540000000000001,308.4,5,236.02903199999997,-0.7836934573258398,0.6211477802783103
2022-07-22,3.72,3.4,146.4,5,51.478848000000006,0.5533915492433441,-0.8329212407100994
2022-07-23,2.62,0.48,159.8,5,17.984728,0.3452981989985346,-0.9384930227595559
2022-07-24,5.58,5.159999999999999,209.8,5,173.74111200000002,-0.49697396102755526,-0.8677654533689285
2022-07-25,8.4,7.9799999999999995,242.2,5,592.7040000000001,-0.8845809752150838,-0.46638664033989136
2022-07-26,6.36,6.0,339.6,5,257.25945600000006,-0.3485720473218147,0.9372819894918917
2022-07-27,5.12,4.4799999999999995,79.6,5,134.21772800000002,0.9835714708133859,0.18051914525056006
2022-07-28,5.9,5.68,62.4,5,205.37900000000005,0.8862035792312147,0.4632960351198618
2022-07-29,5.2,4.5,88.2,5,140.608,0.9995065603657316,0.031410759078128174
2022-07-30,3.5,2.2399999999999998,270.2,5,42.875,-0.9999939076577904,0.0034906514152233314
2022-07-31,7.06,5.86,242.2,5,351.89581599999997,-0.8845809752150838,-0.46638664033989136
2022-08-01,4.279999999999999,2.98,86.8,5,78.40275199999996,0.998440764181981,0.05582150499316394
2022-08-02,7.32,6.640000000000001,215.6,5,392.22316800000004,-0.5821229701572893,-0.8131007610470278
2022-08-03,5.4399999999999995,4.9799999999999995,223.6,5,160.98918399999997,-0.6896195437356698,-0.7241718614374675
2022-08-04,4.38,3.12,314.0,5,84.027672,-0.7193398003386511,0.6946583704589973
2022-08-05,5.62,5.24,328.6,5,177.50432800000002,-0.5210096318405762,0.8535507972753275
2022-08-06,3.5,3.3200000000000003,261.6,5,42.875,-0.9892723329629883,-0.14608302856241157
2022-08-07,3.12,2.6399999999999997,263.2,5,30.371328000000002,-0.9929655081065369,-0.11840396830650085
2022-08-08,4.2,3.8,81.6,5,74.08800000000001,0.9892723329629883,0.14608302856241165
2022-08-09,5.2,4.859999999999999,33.6,5,140.608,0.5533915492433441,0.8329212407100994
2022-08-10,5.4,5.2,48.0,5,157.46400000000003,0.7431448254773942,0.6691306063588582
2022-08-11,5.180000000000001,4.76,53.6,5,138.99183200000004,0.8048937973559142,0.5934188866037015
2022-08-12,4.9799999999999995,4.66,53.6,5,123.50599199999996,0.8048937973559142,0.5934188866037015
2022-08-13,4.26,3.5199999999999996,72.8,5,77.308776,0.9552783621223436,0.2957080500440467
2022-08-14,4.2,3.1799999999999997,73.8,5,74.08800000000001,0.9602936856769431,0.2789911060392293
2022-08-15,4.14,3.08,225.6,5,70.95794399999998,-0.7144726796328031,-0.6996633405133657
2022-08-16,4.12,2.2600000000000002,232.4,5,69.934528,-0.7922896433551906,-0.6101451639012678
2022-08-17,4.6,4.0,23.0,5,97.33599999999998,0.39073112848927377,0.9205048534524404
2022-08-18,3.54,2.88,136.6,5,44.361864000000004,0.687087510804423,-0.7265746709709758
2022-08-19,4.84,3.56,249.4,5,113.379904,-0.9360595357389733,-0.35184164840470183
2022-08-20,4.34,3.3600000000000003,249.2,5,81.74650399999999,-0.9348256763960142,-0.3551069624081377
2022-08-21,4.4399999999999995,3.1399999999999997,241.0,5,87.52838399999997,-0.8746197071393959,-0.48480962024633684
2022-08-22,3.8199999999999994,2.8600000000000003,86.8,5,55.742967999999976,0.998440764181981,0.05582150499316394
2022-08-23,3.12,1.9799999999999998,236.2,5,30.371328000000002,-0.8309844692743283,-0.5562956155003047
2022-08-24,3.7600000000000002,0.96,80.8,5,53.157376000000006,0.9871362650729879,0.15988118769183493
2022-08-25,5.64,2.1399999999999997,231.8,5,179.40614399999998,-0.7858568931754022,-0.6184083953575538
2022-08-26,6.34,6.119999999999999,347.4,5,254.840104,-0.2181432413965433,0.9759167619387472
2022-08-27,5.58,5.38,18.0,5,173.74111200000002,0.3090169943749474,0.9510565162951535
2022-08-28,5.8,5.5,19.0,5,195.112,0.3255681544571567,0.9455185755993168
2022-08-29,4.58,4.18,30.0,5,96.071912,0.49999999999999994,0.8660254037844387
2022-08-30,6.779999999999999,6.4799999999999995,44.8,5,311.6657519999999,0.7046342099635946,0.7095707365365209
2022-08-31,7.5200000000000005,7.38,51.6,5,425.25900800000005,0.7836934573258398,0.6211477802783103
2022-09-01,6.24,6.04,69.4,5,242.97062400000002,0.9360595357389733,0.3518416484047017
2022-09-02,5.82,5.54,89.2,5,197.13736800000004,0.9999025240093042,0.013962180339145352
2022-09-03,4.66,3.94,93.8,5,101.19469600000001,0.99780146829205,-0.06627390040000017
2022-09-04,3.3200000000000003,1.8799999999999997,99.2,5,36.59436800000001,0.9871362650729879,-0.1598811876918348
2022-09-05,4.32,2.2399999999999998,107.2,5,80.62156800000001,0.9552783621223437,-0.2957080500440466
2022-09-06,4.04,1.1400000000000001,184.4,5,65.93926400000001,-0.07671902812681863,-0.9970527522269202
2022-09-07,4.42,2.78,183.0,5,86.350888,-0.052335956242943564,-0.9986295347545738
2022-09-08,5.58,4.779999999999999,192.0,5,173.74111200000002,-0.2079116908177595,-0.9781476007338056
2022-09-09,6.8,6.279999999999999,185.6,5,314.43199999999996,-0.09758289975914948,-0.9952273999818312
2022-09-10,4.84,3.7599999999999993,141.6,5,113.379904,0.6211477802783105,-0.7836934573258397
2022-09-11,1.9400000000000002,0.7,182.4,5,7.301384000000002,-0.04187565372919957,-0.9991228300988584
2022-09-12,4.3,3.72,191.0,5,79.50699999999999,-0.19080899537654472,-0.981627183447664
2022-09-13,4.159999999999999,3.5,208.8,5,71.99129599999996,-0.4817536741017154,-0.8763066800438636
2022-09-14,3.4599999999999995,2.58,216.6,5,41.42173599999998,-0.5962248749656155,-0.8028174751911148
2022-09-15,7.619999999999999,7.42,319.2,5,442.45072799999986,-0.6534206039901057,0.7569950556517562
2022-09-16,9.88,9.64,321.0,5,964.4302720000002,-0.6293203910498378,0.7771459614569706
2022-09-17,10.440000000000001,10.28,322.6,5,1137.8931840000005,-0.6073758397232863,0.7944146205354183
2022-09-18,9.919999999999998,9.6,318.0,5,976.1914879999995,-0.6691306063588581,0.7431448254773942
2022-09-19,7.1800000000000015,6.94,326.4,5,370.1462320000002,-0.5533915492433442,0.8329212407100994
2022-09-20,4.220000000000001,3.6799999999999997,276.4,5,75.15144800000003,-0.9937679191605965,0.11146893220632456
2022-09-21,1.7600000000000002,0.9,125.2,5,5.451776000000002,0.8171448983351286,-0.5764323161697932
2022-09-22,3.3200000000000003,2.92,164.0,5,36.59436800000001,0.2756373558169992,-0.9612616959383189
2022-09-23,4.42,3.84,190.0,5,86.350888,-0.17364817766693047,-0.984807753012208
2022-09-24,6.76,5.720000000000001,23.8,5,308.915776,0.40354529635239006,0.9149596678498247
2022-09-25,4.3,2.58,292.0,5,79.50699999999999,-0.9271838545667874,0.37460659341591196
2022-09-26,9.559999999999999,6.4,256.4,5,873.7228159999996,-0.9719610005785462,-0.2351421131025905
2022-09-27,6.8,5.64,291.0,5,314.43199999999996,-0.9335804264972017,0.3583679495453004
2022-09-28,3.6,2.02,260.4,5,46.656000000000006,-0.9859960370705049,-0.16676874671610267
2022-09-29,2.2600000000000002,0.9,200.6,5,11.543176000000004,-0.35184164840470156,-0.9360595357389734
2022-09-30,7.38,7.12,195.0,5,401.947272,-0.2588190451025208,-0.9659258262890683
2022-10-01,9.74,8.72,251.8,5,924.0104240000001,-0.9499720515246526,-0.3123349185122325
2022-10-02,6.88,6.36,288.2,5,325.660672,-0.9499720515246527,0.31233491851223216
2022-10-03,3.38,2.46,233.4,5,38.614472,-0.8028174751911143,-0.5962248749656162
2022-10-04,7.1,6.92,199.4,5,357.91099999999994,-0.3321611318837034,-0.943222657947601
2022-10-05,11.52,10.379999999999999,219.4,5,1528.8238079999999,-0.6347305132022677,-0.772733573497351
2022-10-06,8.8,8.040000000000001,237.2,5,681.4720000000002,-0.8405666034956842,-0.54170821028274
2022-10-07,9.0,8.540000000000001,213.2,5,729.0,-0.54756322349255,-0.8367643134589619
2022-10-08,6.68,6.32,272.8,5,298.07763199999994,-0.998806137341434,0.04884976979561359
2022-10-09,4.7,4.4399999999999995,155.4,5,103.82300000000001,0.4162807922604012,-0.9092361090470685
2022-10-10,6.4,3.3600000000000003,266.2,5,262.14400000000006,-0.99780146829205,-0.06627390040000064
2022-10-11,3.08,1.8200000000000003,255.8,5,29.218112,-0.9694453498951389,-0.24530738587880244
2022-10-12,3.78,3.5200000000000005,176.4,5,54.01015199999999,0.06279051952931314,-0.9980267284282716
2022-10-13,3.88,2.7,210.4,5,58.411072,-0.506033764121164,-0.8625136692072574
2022-10-14,4.5,3.46,196.8,5,91.125,-0.28903179694447184,-0.9573194975320671
2022-10-15,7.24,6.68,205.0,5,379.50342400000005,-0.4226182617406993,-0.90630778703665
2022-10-16,6.859999999999999,5.32,200.0,5,322.8288559999999,-0.34202014332566866,-0.9396926207859084
2022-10-17,5.84,5.04,202.4,5,199.17670399999997,-0.3810703763502741,-0.9245460336123131
2022-10-18,3.2600000000000002,2.38,191.8,5,34.645976000000005,-0.2044960518417903,-0.978867388761685
2022-10-19,6.220000000000001,6.040000000000001,86.4,5,240.64184800000007,0.9980267284282716,0.0627905195293133
2022-10-20,6.04,5.5,132.6,5,220.348864,0.7360970871197344,-0.6768759696826606
2022-10-21,4.959999999999999,4.779999999999999,171.2,5,122.02393599999994,0.1529858362840384,-0.9882283814465528
2022-10-22,5.86,5.1,197.4,5,201.23005600000002,-0.2990407922560867,-0.9542403285162768
2022-10-23,5.96,5.34,145.4,5,211.708736,0.5678437450531011,-0.8231363685344419
2022-10-24,10.4,10.0,210.6,5,1124.864,-0.5090414157503712,-0.8607420270039436
2022-10-25,6.460000000000001,5.5200000000000005,208.2,5,269.5861360000001,-0.4725507648690539,-0.8813034520649923
2022-10-26,6.540000000000001,5.540000000000001,189.0,5,279.7262640000001,-0.15643446504023073,-0.9876883405951378
2022-10-27,5.64,5.4399999999999995,161.2,5,179.40614399999998,0.3222656952305112,-0.9466492601156963
2022-10-28,5.66,4.88,204.6,5,181.32149600000002,-0.416280792260401,-0.9092361090470686
2022-10-29,4.12,3.5800000000000005,157.6,5,69.934528,0.3810703763502743,-0.924546033612313
2022-10-30,4.2,3.8,203.0,5,74.08800000000001,-0.39073112848927355,-0.9205048534524404
2022-10-31,5.14,4.36,137.4,5,135.79674399999996,0.6768759696826607,-0.7360970871197343
2022-11-01,12.540000000000001,12.22,200.8,5,1971.9350640000005,-0.355106962408137,-0.9348256763960144
2022-11-02,10.98,9.64,213.0,5,1323.7531920000001,-0.5446390350150271,-0.838670567945424
2022-11-03,8.9,7.0200000000000005,184.6,5,704.969,-0.0801989243288587,-0.9967788784562471
2022-11-04,5.220000000000001,3.9,282.4,5,142.23664800000006,-0.9766722783341679,0.21473532716706287
2022-11-05,8.040000000000001,7.279999999999999,209.2,5,519.7184640000002,-0.4878596591387324,-0.8729220772698099
2022-11-06,10.620000000000001,10.4,190.8,5,1197.7703280000003,-0.18738131458572477,-0.9822872507286886
2022-11-07,10.680000000000001,10.459999999999999,202.6,5,1218.1864320000004,-0.3842953226598035,-0.923210217112981
2022-11-08,9.48,9.18,185.0,5,851.9713920000002,-0.08715574274765794,-0.9961946980917455
2022-11-09,9.84,9.18,219.8,5,952.7639039999999,-0.6401096994849556,-0.7682835235935233
2022-11-10,9.6,9.42,213.4,5,884.7359999999999,-0.5504807400849956,-0.8348478632634065
2022-11-11,7.959999999999999,7.840000000000001,199.2,5,504.35833599999984,-0.3288666467385831,-0.9443763702374811
2022-11-12,3.06,2.7199999999999998,137.4,5,28.652616000000002,0.6768759696826607,-0.7360970871197343
2022-11-13,3.8,3.6799999999999997,87.6,5,54.87199999999999,0.9991228300988584,0.04187565372919975
2022-11-14,5.34,4.8,136.8,5,152.273304,0.6845471059286885,-0.7289686274214117
2022-11-15,7.279999999999999,6.9799999999999995,158.4,5,385.8283519999999,0.36812455268467775,-0.9297764858882515
2022-11-16,7.4799999999999995,6.540000000000001,147.6,5,418.5089919999999,0.5358267949789967,-0.8443279255020151
2022-11-17,10.620000000000001,9.82,161.2,5,1197.7703280000003,0.3222656952305112,-0.9466492601156963
2022-11-18,6.34,5.66,145.2,5,254.840104,0.5707135676844317,-0.821149209133704
2022-11-19,6.32,6.08,78.0,5,252.43596800000003,0.9781476007338056,0.20791169081775945
2022-11-20,5.14,2.7800000000000002,145.2,5,135.79674399999996,0.5707135676844317,-0.821149209133704
2022-11-21,6.0600000000000005,5.16,144.2,5,222.54501600000006,0.5849576749872157,-0.8110638189893264
2022-11-22,8.04,7.859999999999999,171.6,5,519.7184639999998,0.14608302856241193,-0.9892723329629882
2022-11-23,8.26,7.9799999999999995,182.2,5,563.559976,-0.038387809087519646,-0.9992629164106213
2022-11-24,8.08,7.340000000000001,192.8,5,527.5141120000001,-0.2215484976194675,-0.9751493543055632
2022-11-25,6.640000000000001,5.64,226.2,5,292.7549440000001,-0.7217602280983622,-0.6921431738704069
2022-11-26,6.08,5.88,183.4,5,224.75571200000002,-0.05930637357596181,-0.9982398279237652
2022-11-27,7.38,7.3,170.6,5,401.947272,0.16332596224162238,-0.9865721616069694
2022-11-28,3.94,3.54,203.8,5,61.162983999999994,-0.4035452963523902,-0.9149596678498247
2022-11-29,2.7800000000000002,1.8199999999999998,256.4,5,21.484952000000007,-0.9719610005785462,-0.2351421131025905
2022-11-30,1.98,1.1400000000000001,107.2,5,7.762392,0.9552783621223437,-0.2957080500440466
2022-12-01,3.22,3.1,49.6,5,33.38624800000001,0.7615383075367367,0.6481199010631309
2022-12-02,7.12,7.0200000000000005,58.0,5,360.94412800000003,0.8480480961564261,0.5299192642332049
2022-12-03,7.4,7.3,70.6,5,405.22400000000005,0.943222657947601,0.3321611318837034
2022-12-04,7.06,7.0,69.6,5,351.89581599999997,0.9372819894918915,0.3485720473218153
2022-12-05,5.720000000000001,5.58,37.0,5,187.14924800000006,0.6018150231520483,0.7986355100472928
2022-12-06,4.58,3.7399999999999998,328.0,5,96.071912,-0.529919264233205,0.8480480961564258
2022-12-07,6.1,5.68,309.2,5,226.98099999999997,-0.7749444887041796,0.6320293026648508
2022-12-08,4.7,2.82,293.2,5,103.82300000000001,-0.9191353392552346,0.39394190959095066
2022-12-09,3.62,3.2399999999999998,179.8,5,47.43792800000001,0.0034906514152236376,-0.9999939076577904
2022-12-10,4.8,4.5,188.8,5,110.59199999999998,-0.15298583628403817,-0.9882283814465528
2022-12-11,4.54,4.42,173.0,5,93.57666400000001,0.12186934340514755,-0.992546151641322
2022-12-12,3.7,3.5,160.2,5,50.653000000000006,0.33873792024529176,-0.9408807689542253
2022-12-13,3.4799999999999995,3.22,118.4,5,42.14419199999998,0.8796485728666165,-0.47562420907027536
2022-12-14,2.96,1.06,117.8,5,25.934336,0.8845809752150839,-0.46638664033989113
2022-12-15,5.24,3.2600000000000002,264.4,5,143.877824,-0.9952273999818312,-0.09758289975914979
2022-12-16,3.5200000000000005,1.94,38.8,5,43.61420800000002,0.6266038113644604,0.7793379649314741
2022-12-17,5.8,5.659999999999999,174.4,5,195.112,0.09758289975914929,-0.9952273999818312
2022-12-18,6.58,6.28,148.8,5,284.890312,0.5180270093731302,-0.8553642601605066
2022-12-19,10.6,10.5,187.6,5,1191.0159999999998,-0.1322563902571225,-0.9912155402515417
2022-12-20,8.0,7.74,197.0,5,512.0,-0.29237170472273677,-0.9563047559630354
2022-12-21,6.26,6.18,198.6,5,245.31437599999998,-0.31895930929806965,-0.9477684100095858
2022-12-22,5.08,4.3,220.4,5,131.09651200000002,-0.6481199010631309,-0.7615383075367368
2022-12-23,5.4399999999999995,3.66,204.8,5,160.98918399999997,-0.41945208244617715,-0.9077774785329087
2022-12-24,6.5200000000000005,5.9,219.2,5,277.16780800000004,-0.6320293026648508,-0.7749444887041796
2022-12-25,4.5600000000000005,4.34,181.2,5,94.81881600000003,-0.020942419883356867,-0.9997806834748455
2022-12-26,9.32,8.22,242.0,5,809.5575680000001,-0.882947592858927,-0.46947156278589075
2022-12-27,9.440000000000001,8.3,216.0,5,841.2323840000004,-0.587785252292473,-0.8090169943749475
2022-12-28,13.0,12.78,203.6,5,2197.0,-0.40034903255689497,-0.9163627295622396
2022-12-29,11.879999999999999,11.64,221.2,5,1676.6766719999996,-0.6586894601186801,-0.7524149088957247
2022-12-30,10.9,10.02,195.8,5,1295.0290000000002,-0.27228024704057435,-0.9622179935292854
2022-12-31,11.7,11.540000000000001,212.4,5,1601.6129999999996,-0.5358267949789968,-0.844327925502015
