date,avg_wind_speed_all_stations,station_count,hourly_record_count,vector_avg_wind_speed_all_stations,avg_wind_direction,avg_wind_speed_cubed,wind_direction_sin,wind_direction_cos
2022-01-01,7.054416666666667,5,120,6.853206155515188,210.8309728938767,351.06159578303067,-0.5125071256943168,-0.8586829718310185
2022-01-02,9.18525,5,120,8.866368560031818,229.84287006961347,774.9486815159531,-0.7642787616342115,-0.6448860166842479
2022-01-03,9.257333333333333,5,120,9.197526269472197,237.86806950831044,793.3369927277038,-0.8468256455604821,-0.5318705914233958
2022-01-04,6.024500000000001,5,120,4.61158263466289,285.4516327169231,218.65681920612508,-0.9638557040068945,0.2664248146351498
2022-01-05,9.960083333333333,5,120,9.403963822087048,301.92004987902334,988.0727366075006,-0.848786715841927,0.5287353884603109
2022-01-06,5.6495,5,120,3.4427105784484877,234.90949939751113,180.31424548737496,-0.8182450396146342,-0.574869598383882
2022-01-07,7.167833333333333,5,120,6.375776151664587,237.0547572963079,368.2677561173287,-0.8391906937275321,-0.5438372730524301
2022-01-08,7.288583333333333,5,120,5.081762020796466,211.68216692599205,387.19467046403184,-0.5252068141912176,-0.8509746190851475
2022-01-09,6.668583333333333,5,120,6.401515059265101,286.2940996040446,296.55192533111517,-0.9598341903185152,0.2805678654008692
2022-01-10,3.084166666666667,5,120,2.9485370420574957,186.60457823052622,29.336852489004638,-0.11501652577198473,-0.9933635783535364
2022-01-11,4.769666666666667,5,120,4.565750303926185,190.4670440914765,108.50858168996297,-0.1816699378608267,-0.9833595647969482
2022-01-12,2.960166666666667,5,120,2.018899501036382,256.32558956967495,25.9387170466713,-0.9716548002804819,-0.23640420700972506
2022-01-13,4.631083333333334,5,120,4.460300160317237,249.2614585523051,99.32253322772976,-0.9352060454600324,-0.3541040137233802
2022-01-14,2.898083333333333,5,120,2.1978062095786517,272.12734163049237,24.340674453375573,-0.9993107935633252,0.037120585499657285
2022-01-15,3.2824999999999998,5,120,2.93809691661585,172.4982241787054,35.36830151562499,0.13055692092851579,-0.9914408153781371
2022-01-16,5.9087499999999995,5,120,5.25244694507951,269.6920200889044,206.29411832617183,-0.9999855533060523,-0.005375237593663076
2022-01-17,5.735166666666667,5,120,5.344365884010175,303.5345267706171,188.64188596542135,-0.833553070237567,0.5524393895238877
2022-01-18,3.1001666666666665,5,120,2.538643682762566,236.84017918343585,29.795805258337957,-0.8371480913435004,-0.5469763003640417
2022-01-19,6.277416666666666,5,120,4.109392410142561,270.70983943691226,247.36763011359315,-0.9999232568833432,0.012388718408604898
2022-01-20,8.939166666666667,5,120,8.796137545426573,338.64742021140034,714.3171936244214,-0.36410608152019314,0.9313574831395357
2022-01-21,6.3780833333333335,5,120,6.0989203127701614,318.48773364985925,259.4600920058756,-0.6627803756093449,0.7488138444948356
2022-01-22,4.03025,5,120,3.947972240065634,299.0139103921064,65.46300843064061,-0.8745019782458155,0.4850219480025159
2022-01-23,2.1747500000000004,5,120,1.7733483608938732,216.16005955904038,10.285561814046881,-0.5900429984279028,-0.8073718226481588
2022-01-24,1.8696666666666668,5,120,1.1691975161253667,164.1384842340567,6.535706723296298,0.2733131778152422,-0.9619251045858683
2022-01-25,1.8619166666666667,5,120,1.0457154538089048,202.5083416615913,6.454769205791088,-0.3828179354309892,-0.9238238080458605
2022-01-26,5.624583333333334,5,120,5.268740145424026,247.84520357776114,177.9389677733652,-0.9261683945947042,-0.3771102025321886
2022-01-27,8.941416666666667,5,120,7.837008567545628,275.54273462157227,714.8567131290932,-0.9953244340022279,0.09658815185179127
2022-01-28,5.992500000000001,5,120,4.616372984465212,268.45205346229955,215.19101207812506,-0.9996350694367199,-0.027013477233489642
2022-01-29,10.048666666666666,5,120,9.2893030779962,265.6881183273177,1014.6711685976294,-0.9971695634220391,-0.07518551579060959
2022-01-30,6.799083333333333,5,120,5.230512719999405,289.46870954149983,314.30485714089633,-0.9428236496234268,0.33329201267171366
2022-01-31,12.560666666666666,5,120,11.149224659174614,310.33156944439645,1981.7007399469628,-0.7623118387599322,0.6472099045027441
2022-02-01,9.219166666666666,5,120,8.697220011588552,282.5742218553979,783.5649462077546,-0.9760148087507311,0.21770414120836987
2022-02-02,5.940250000000001,5,120,5.250457108019686,281.61508033274146,209.6110478137657,-0.9795222916677689,0.20133573981268757
2022-02-03,6.603166666666667,5,120,6.4841629620054855,227.26164093153656,287.9100185817546,-0.7344604079796753,-0.6786515373226005
2022-02-04,9.268666666666666,5,120,7.763900572643028,251.4663301275911,796.2543008376296,-0.9481370273500587,-0.3178618841065946
2022-02-05,10.18225,5,120,9.641707269412903,248.25003333860337,1055.6775053201407,-0.928809768487429,-0.37055689706484835
2022-02-06,11.954583333333334,5,120,10.876878116200707,263.5042509638425,1708.4541625702404,-0.9935802518636954,-0.11312949706630764
2022-02-07,8.446666666666667,5,120,7.0968353987842026,282.40428230590044,602.6373816296298,-0.9766562262154453,0.2148083233829754
2022-02-08,8.528916666666667,5,120,8.469082526729016,241.50672006332988,620.414034106437,-0.878873071246965,-0.4770556829521341
2022-02-09,6.862916666666666,5,120,6.741986480939417,234.56124915687155,323.24080259772853,-0.8147358242100042,-0.5798323350321584
2022-02-10,5.18825,5,120,4.822504716291802,265.67121852472053,139.65699215276564,-0.997147343536523,-0.07547963485639926
2022-02-11,6.5600000000000005,5,120,5.407085814304026,305.2183237905545,282.30041600000004,-0.8169605074562212,0.5766936181863586
2022-02-12,6.5592500000000005,5,120,6.507916579789773,186.23288884264906,282.2036014695782,-0.10856999901790929,-0.9940888065526395
2022-02-13,8.399083333333333,5,120,8.32874538582381,187.53349750117664,592.5099811742298,-0.13110580987576648,-0.9913683808841289
2022-02-14,9.443666666666667,5,120,8.785374186007889,220.02859812405293,842.2130143959631,-0.64316988645534,-0.7657235122137919
2022-02-15,8.049249999999999,5,120,7.5254209579979765,232.06130609399625,521.5143329589529,-0.7886690559770847,-0.6148179569142511
2022-02-16,11.638833333333334,5,120,11.264845692560112,235.06477688176582,1576.6247779284124,-0.8197999888704356,-0.5726499613621165
2022-02-17,11.8575,5,120,11.763291785499693,266.37962034534314,1667.168131359375,-0.9980043312050131,-0.06314550574692203
2022-02-18,12.381499999999999,5,120,11.03033435427721,232.47465133764737,1898.1030453683745,-0.7930839358751898,-0.6091123629156757
2022-02-19,11.264833333333334,5,120,9.79322976763412,253.9649775642887,1429.4675854512454,-0.9610930311560852,-0.2762248820494058
2022-02-20,11.877666666666666,5,120,10.992396566344318,238.15455504780536,1675.688925227296,-0.8494744633031706,-0.5276297339951477
2022-02-21,12.748333333333333,5,120,11.250814925589593,283.9487823520706,2071.8591687453704,-0.9705115965682546,0.2410544356085103
2022-02-22,8.229833333333334,5,120,7.047723286409867,262.6953990393447,557.4079012358287,-0.9918842358609335,-0.1271442592120142
2022-02-23,7.495666666666667,5,120,6.851759569827279,233.8533575611284,421.14417241862964,-0.8075099726036739,-0.5898539176318267
2022-02-24,9.443166666666666,5,120,7.991599395195289,240.77692242603536,842.0792472184213,-0.8727255065251223,-0.48821121480407303
2022-02-25,7.991416666666667,5,120,7.177468606283487,285.8918631355276,510.35376753430154,-0.9617802061899633,0.27382263416524166
2022-02-26,3.4310833333333335,5,120,2.4333620110861998,161.09913783589388,40.39185500272975,0.3239316544777398,-0.9460804845399329
2022-02-27,5.587166666666667,5,120,5.518581068267,134.03354463504604,174.41140475308796,0.7189329793823799,-0.6950793991742055
2022-02-28,5.2805,5,120,5.23834442274638,161.73825568656002,147.239773560125,0.3133584663223409,-0.9496349148931448
2022-03-01,2.6750833333333333,5,120,1.861327188142944,143.95498092467813,19.143085836979743,0.5884207405908806,-0.8085549035424122
2022-03-02,3.9271666666666665,5,120,3.8499509785114188,81.503355533827,60.56726997475462,0.9890245181407435,0.14775148904992497
2022-03-03,4.390916666666667,5,120,4.336930814322372,101.85541506735501,84.65752834222859,0.9786691474157052,-0.2054426924877513
2022-03-04,4.440416666666667,5,120,4.381508991624058,111.3234038211794,87.55302831257234,0.9315427712753379,-0.3636317715555993
2022-03-05,4.1531666666666665,5,120,3.4718562482402238,69.51018467898427,71.63711362758795,0.9367344259767701,0.3500408764558374
2022-03-06,5.441999999999999,5,120,5.337599780798428,43.87438441476894,161.16681088799993,0.6930796176624414,0.7208610431843879
2022-03-07,3.6049166666666665,5,120,3.4057835602398687,89.3320082114571,46.847421193853584,0.9999320386389351,0.01165839197245088
2022-03-08,5.5495,5,120,5.475251779623121,133.47658887354442,170.907675412375,0.7256555729840173,-0.6880581293737017
2022-03-09,4.559916666666667,5,120,4.517952698414257,150.78530653032294,94.81361769499945,0.4880835034581827,-0.872796937237973
2022-03-10,4.70625,5,120,4.653313213267396,139.962846026296,104.23773852539061,0.6432842230506514,-0.7656274605668999
2022-03-11,7.180000000000001,5,120,7.019060421136001,137.91284876412476,370.1462320000001,0.670260211617037,-0.7421261676582256
2022-03-12,6.19825,5,120,5.76933760755677,167.79293613000345,238.1262469571406,0.2114452982939317,-0.9773898330908657
2022-03-13,6.0142500000000005,5,120,5.763104802339925,156.40080305469917,217.54265801864068,0.4003361888246791,-0.9163683407436831
2022-03-14,4.210583333333333,5,120,3.757669489116954,224.0130428282827,74.64948247290681,-0.6948221031849608,-0.7191816494639082
2022-03-15,2.7246666666666663,5,120,2.225063112943027,145.3661756359976,20.22740340829629,0.5683295817655674,-0.8228010005403343
2022-03-16,5.382666666666666,5,120,5.172147906567041,135.62789394537532,155.95254199229626,0.6993154228837161,-0.7148132198812284
2022-03-17,5.709833333333333,5,120,4.471560418705356,262.9639102116829,186.1531094258287,-0.992469190998678,-0.1224945097481088
2022-03-18,3.539416666666667,5,120,1.7926826278649082,57.74723740266103,44.33993731355151,0.8457020917395638,0.5336552932627263
2022-03-19,6.5183333333333335,5,120,6.456333296524815,76.19967763836951,276.9553103287037,0.9711329378401916,0.2385389214402517
2022-03-20,5.093583333333333,5,120,3.733492869763321,102.95950972824392,132.15093719205265,0.97452879180359,-0.22426242205468852
2022-03-21,2.9448333333333334,5,120,1.8514915966349441,142.3316491509085,25.53772235791204,0.6110898893621216,-0.7915612087004958
2022-03-22,2.482666666666667,5,120,2.131293494447588,93.16048304246715,15.302248125629632,0.9984790268549383,-0.05513286615817754
2022-03-23,2.533,5,120,2.0275249669457733,65.28772747903781,16.251953436999997,0.9084186512730348,0.41806166293895014
2022-03-24,2.38375,5,120,1.7983165750712526,26.035725358260038,13.545096958984375,0.4389314822098606,0.8985205361732446
2022-03-25,3.02825,5,120,2.8905438894755013,30.540371183809157,27.76995510776562,0.5081453495123378,0.8612713299355692
2022-03-26,3.4621666666666666,5,120,3.072808846190814,24.848982553037843,41.499600138504626,0.4202279942334669,0.9074185543962154
2022-03-27,3.7511666666666668,5,120,3.6086931441491,41.480979200882416,52.78360906408797,0.6623713767043281,0.749175653183426
2022-03-28,2.5452500000000002,5,120,1.9849871741825336,33.31486204173035,16.48888687095313,0.5492396009022785,0.8356649213654394
2022-03-29,3.3745,5,120,3.206265699401875,54.43255106382048,38.42627596862499,0.8134313473965318,0.5816609348002175
2022-03-30,4.204916666666667,5,120,4.062540341158355,46.1204818220466,74.34849470635359,0.7207989396150637,0.6931442048014249
2022-03-31,8.422416666666667,5,120,8.126578550515308,33.85774442142804,597.4618344395307,0.5571328241469039,0.8304233957795837
2022-04-01,9.175833333333333,5,120,9.114458401273865,42.30232499668489,772.5677050526621,0.6730425263328833,0.7396037842976806
2022-04-02,5.925,5,120,5.842134272023907,30.361430651874173,208.00082812499997,0.5054530379852147,0.8628541165176864
2022-04-03,4.1042499999999995,5,120,3.1195181306692032,295.5486160087616,69.1355497455156,-0.9022196667553976,0.43127679385723894
2022-04-04,9.640333333333333,5,120,9.06561968199345,250.94305037593654,895.9342768133702,-0.9451945073710769,-0.32650779965499643
2022-04-05,6.733083333333334,5,120,6.424579156644306,263.29653645240523,305.2403682995215,-0.9931635949417013,-0.11673077435910527
2022-04-06,10.564666666666666,5,120,10.502805009114976,230.6460989251183,1179.1454964216293,-0.7732440135520342,-0.6341085833719188
2022-04-07,12.374833333333333,5,120,11.321346824402987,252.5827685049102,1895.0386650937453,-0.9541503499437964,-0.29932776299924263
2022-04-08,6.694,5,120,6.137525259395776,298.9325444789996,299.955703384,-0.8751898773770374,0.48377957639483543
2022-04-09,7.721583333333333,5,120,7.570391194164102,301.51305706122656,460.38279846480265,-0.8525210706915424,0.5226928582130678
2022-04-10,3.6242500000000004,5,120,2.6872233112556385,286.20736055996093,47.60520533551564,-0.9602578368797985,0.2791144688312131
2022-04-11,4.59275,5,120,4.3082639950591055,108.92542374609695,96.87649498142186,0.9459415344394384,-0.3243371909330793
2022-04-12,4.712999999999999,5,120,3.713818899855794,140.28208247796704,104.68689509699995,0.6390083927169834,-0.7691997621146651
2022-04-13,3.8925,5,120,3.815028434761134,235.94559444897942,58.977432703125004,-0.828506213906482,-0.5599798688509674
2022-04-14,2.9995,5,120,2.287792923802728,291.7121859400756,26.986502249874995,-0.9290539110135475,0.36994436126319225
2022-04-15,3.234,5,120,3.030822663009185,45.34964706479036,33.823616904,0.7114087017990571,0.7027785277059767
2022-04-16,4.154166666666667,5,120,4.030169947818772,96.57837526322123,71.6888724681713,0.9934160747550553,-0.11456222072855586
2022-04-17,4.1045,5,120,4.013337139751872,128.99243708656195,69.14818416612499,0.7772290235561584,-0.6292178040567039
2022-04-18,3.421583333333333,5,120,1.6963136489483641,154.42743440753338,40.057271625219315,0.4316538831690234,-0.9020393146338485
2022-04-19,4.156000000000001,5,120,3.6280139947142724,58.450533395612524,71.78382841600003,0.8521887448296834,0.5232345011422782
2022-04-20,5.1185,5,120,5.01662477913192,64.52585683004673,134.099797756625,0.9027794764162852,0.4301037281418727
2022-04-21,5.420583333333334,5,120,5.292674159397912,63.13779665370339,159.27150223311523,0.892095795884138,0.45184631343615766
2022-04-22,6.8220833333333335,5,120,6.745537008305276,69.03540903583718,317.5053593111256,0.9338017211218457,0.35779092446550237
2022-04-23,7.559833333333333,5,120,7.4722077240619535,75.58751479454952,432.05263982999526,0.9685289466312891,0.24890094322297304
2022-04-24,7.075333333333333,5,120,6.7991081662437,42.67779165893717,354.19360485837035,0.6778747596607265,0.7351774005061038
2022-04-25,5.806333333333333,5,120,5.644113114279861,38.67913015766459,195.75185818737032,0.6249583450685586,0.7806580986124262
2022-04-26,5.3155833333333335,5,120,5.045071554228802,6.025464119479693,150.1940724446777,0.10497045100691543,0.9944753412807201
2022-04-27,2.9996666666666667,5,120,2.487524539827149,5.966954107824279,26.991000999962964,0.10395484584050718,0.9945820177472928
2022-04-28,4.084583333333333,5,120,3.92902226280964,38.0674723950749,68.1464572212818,0.6165890218551313,0.7872851949120676
2022-04-29,4.886666666666667,5,120,4.726750777463833,34.46808479150258,116.69121096296297,0.5659470897997119,0.8244415634520357
2022-04-30,3.9993333333333334,5,120,3.7613092640502814,357.0542015947772,63.96800533303704,-0.05139123313223205,0.9986785975263256
2022-05-01,2.0161666666666664,5,120,0.9975249890901582,31.106555500999946,8.195572392004626,0.5166312953495545,0.8562079797954708
2022-05-02,3.1333333333333333,5,120,2.4759693760488126,12.050289998709388,30.76237037037037,0.2087701562576583,0.9779647344644657
2022-05-03,3.829833333333333,5,120,3.725379050926195,10.410544120836619,56.17455286916203,0.18070014848198235,0.9835382332876488
2022-05-04,1.7433333333333332,5,120,0.5160042749533799,326.1731739490972,5.298358037037036,-0.5566846238618454,0.8307239189741654
2022-05-05,2.472583333333333,5,120,1.2619422861679355,268.576688772477,15.116554443698492,-0.9996914666204337,-0.024838912341048798
2022-05-06,3.23,5,120,2.9546368710545594,244.8331340272303,33.698267,-0.9050731284095939,-0.4252559608410808
2022-05-07,4.156833333333333,5,120,3.0361506772034756,356.6744589894928,71.82701791491203,-0.05800905677679695,0.9983160568336394
2022-05-08,4.64075,5,120,4.482485881594053,31.8992845789881,99.94579343042186,0.5284277340367597,0.8489782858829639
2022-05-09,2.4796666666666667,5,120,0.9109673136126566,121.32011045606691,15.24684242662963,0.8542764295823744,-0.5198189895146103
2022-05-10,6.355166666666666,5,120,5.814298715957519,222.2505084767947,256.6733824170879,-0.6723733765437193,-0.7402121604750882
2022-05-11,7.35925,5,120,6.934440182799384,238.97458777035268,398.56638681957816,-0.8569387830679993,-0.5154182011473173
2022-05-12,5.608833333333333,5,120,5.433472279820747,252.55744390684754,176.448351555912,-0.9540179545875676,-0.2997494659287218
2022-05-13,7.3515,5,120,7.210263288742797,246.06895838342294,397.30852586587497,-0.9140343241008367,-0.4056368503545093
2022-05-14,3.10825,5,120,1.9047484409675428,289.7288167321886,30.029481042765624,-0.9413008847435763,0.3375687254189291
2022-05-15,4.792916666666667,5,120,4.611041227021957,83.89274517838396,110.10312214460359,0.9943244809498728,0.10638997407540857
2022-05-16,5.564916666666666,5,120,3.2238343711220234,211.0640542346348,172.33599493468685,-0.5159960292920277,-0.8565909745933942
2022-05-17,2.8793333333333333,5,120,0.5033479469191873,212.93484564998678,23.871287039703702,-0.5436849821898039,-0.8392893661552449
2022-05-18,3.653583333333333,5,120,0.5114334964710321,255.9377729469541,48.77048252205265,-0.9700324106981145,-0.2429755588432804
2022-05-19,4.170916666666667,5,120,1.600497539013534,230.3260725326252,72.55954298764526,-0.7696901476545462,-0.6384176349408925
2022-05-20,4.250416666666667,5,120,1.7000516401770667,249.72770077338822,76.78820533861403,-0.9380565578686243,-0.3464821701612772
2022-05-21,5.742,5,120,5.444735987199297,263.2726499645978,189.316978488,-0.9931148438253893,-0.11714481197932994
2022-05-22,2.4155,5,120,1.0685865162390495,140.55562278753325,14.093573523875003,0.6353288269095215,-0.7722417249137548
2022-05-23,4.10075,5,120,0.8069660073008449,252.68935669485472,68.95882941917186,-0.954705542459981,-0.297552225997712
2022-05-24,6.462000000000001,5,120,6.229793785164024,244.65120881418488,269.8366031280001,-0.9037182981151818,-0.42812759505993003
2022-05-25,7.836166666666667,5,120,7.711730640421483,231.54711962287968,481.18379515700474,-0.7831198435508447,-0.6218708150708638
2022-05-26,7.789583333333334,5,120,7.602664782928732,250.2145699544156,472.6532879322194,-0.9409668774432222,-0.3384986492657721
2022-05-27,7.125,5,120,6.994057074068197,290.2670357511681,361.705078125,-0.9380883834868192,0.3463959941556575
2022-05-28,7.175833333333333,5,120,7.022965635255122,327.56798885672004,369.50220088599536,-0.5362984372097624,0.8440284273923281
2022-05-29,5.665666666666667,5,120,5.564064577556026,348.6922070296805,181.86664662862964,-0.1960795187619711,0.9805879982551662
2022-05-30,2.4346666666666668,5,120,1.4841415184089184,308.87965822947876,14.431734461629631,-0.7784660457452518,0.6276867177356484
2022-05-31,2.7222500000000003,5,120,1.482586868283925,161.67874998937054,20.173628521390633,0.3143445598024964,-0.9493089579913248
2022-06-01,3.9354999999999998,5,120,3.1176142537059994,288.3230637437165,60.95365466387499,-0.9492990067455995,0.31437461060304817
2022-06-02,3.352,5,120,2.305354934263599,5.798784774694923,37.662750208,0.10103519605603219,0.994882851977015
2022-06-03,5.609666666666667,5,120,5.416918801327709,60.94975975846404,176.52701076996294,0.8741942619399138,0.4855763507331566
2022-06-04,6.565833333333333,5,120,6.526647602861941,52.61567271971404,283.054173865162,0.7945807327409249,0.6071585123811531
2022-06-05,5.39075,5,120,3.0413521558762184,50.229603827691164,156.65619532104685,0.7686141556365316,0.639712654052694
2022-06-06,7.397583333333333,5,120,7.066158988784923,248.2006738713347,404.8271196400527,-0.9284901945753883,-0.3713569153487756
2022-06-07,5.565416666666667,5,120,5.13720892362795,258.3177541000004,172.38245155475983,-0.9792856008017102,-0.20248385630077637
2022-06-08,4.913666666666667,5,120,4.260528125295107,212.73793450891077,118.63615818596297,-0.5407973512384328,-0.8411529140967742
2022-06-09,4.892166666666666,5,120,4.368864805016194,258.4632656498266,117.08566652767128,-0.9797966813961131,-0.1999961577760027
2022-06-10,5.6931666666666665,5,120,5.495953824091246,223.36956624162826,184.5277531559213,-0.686701479744678,-0.7269395282390892
2022-06-11,5.7620000000000005,5,120,5.593188173190908,241.83587447306866,191.30211072800006,-0.8815991564049157,-0.47199886379751066
2022-06-12,4.710333333333334,5,120,4.524178341459869,260.6006048790516,104.50929667003706,-0.9865738858055746,-0.16331554686094366
2022-06-13,4.849083333333334,5,120,4.606615689657649,300.68049142316073,114.01945035027143,-0.8600260559466373,0.5102501181703651
2022-06-14,3.1645833333333333,5,120,1.0108449565693223,328.4062345555434,31.69199724211516,-0.5238932234609933,0.8517839458522622
2022-06-15,3.6800833333333336,5,120,3.2507249642779437,52.95044149791045,49.83941767666725,0.7981146660200283,0.602505584939873
2022-06-16,2.0469166666666667,5,120,1.0431793178939843,62.579886138018196,8.576310313395256,0.8876537758644616,0.46051142677849394
2022-06-17,4.78225,5,120,4.237502078763298,203.27534551332803,109.36965130764065,-0.3951502566703773,-0.9186165003162826
2022-06-18,4.6594999999999995,5,120,3.4883178009814166,357.6555201643665,101.16212609487496,-0.04090747453719157,0.9991629389278753
2022-06-19,5.3755,5,120,4.96773835449769,6.566993932061507,155.330449343875,0.11436488460974484,0.9934388119900489
2022-06-20,4.937666666666667,5,120,4.647029870066983,343.8035946812944,120.38303947396298,-0.27893085760145453,0.9603111874167233
2022-06-21,2.6481666666666666,5,120,1.4226475768405618,7.411555520460922,18.571027964671295,0.12899559605999478,0.9916451664769645
2022-06-22,3.5347500000000003,5,120,3.2738787519691717,32.41440430527291,44.164783869046886,0.5360390442402061,0.8441931905968244
2022-06-23,3.4535,5,120,1.7302599080211611,92.87103212995339,41.188728080375,0.9987448085557429,-0.05008799639586808
2022-06-24,3.44375,5,120,2.567924201074498,237.33356431880395,40.84085717773438,-0.8418271145699773,-0.539747264166097
2022-06-25,3.8433333333333333,5,120,2.3592845322473734,209.80874072891854,56.77068803703703,-0.4971063367677222,-0.8676896276580561
2022-06-26,3.675,5,120,3.0163707318378448,209.54940556386168,49.633171874999995,-0.4931738757438657,-0.8699307606262547
2022-06-27,2.9135,5,120,1.982464826769058,232.23484620422988,24.731193035375,-0.7905276246419396,-0.6124263830681796
2022-06-28,3.2619166666666666,5,120,1.8124788711794693,209.99452140136552,34.707120634957754,-0.4999171887250156,-0.8660732096175687
2022-06-29,3.5155000000000003,5,120,0.8437247570680052,103.13769962701349,43.44715134887501,0.9738266238320178,-0.22729211758425266
2022-06-30,4.114166666666667,5,120,2.6946454904312476,270.82611842261036,69.63789638483797,-0.9998960554245232,0.014417986907985618
2022-07-01,6.087083333333334,5,120,5.9892447788785335,231.1322910700315,225.54216352206316,-0.778596935779347,-0.6275243513960327
2022-07-02,4.400833333333334,5,120,3.9511388256386804,217.56304210551528,85.2324091672454,-0.6096339809145431,-0.7926830446744061
2022-07-03,4.2482500000000005,5,120,3.9769004506749215,259.4088130965388,76.67083591651566,-0.982963632467816,-0.18380015572810646
2022-07-04,4.2781666666666665,5,120,4.0611416562566545,260.4720529570201,78.30204395050461,-0.9862049792863202,-0.16552866468037733
2022-07-05,4.446666666666667,5,120,3.980633505607389,296.4555588716434,87.92324829629632,-0.8952801830229117,0.4455035284781275
2022-07-06,5.147166666666666,5,120,4.712147197354127,267.1816668013169,136.36555775642125,-0.9987904555214884,-0.049169359963067906
2022-07-07,8.09775,5,120,7.717997784952591,328.135604101453,530.9982555073593,-0.5279106742527845,0.8492998999234431
2022-07-08,3.6262499999999998,5,120,3.416381342121194,291.957835657954,47.684059962890615,-0.9274592789426245,0.37392417132786027
2022-07-09,5.6354999999999995,5,120,5.045242521681198,332.0906801830697,178.97705693887497,-0.4680735627047059,0.8836895042360319
2022-07-10,4.617,5,120,4.317261134981195,316.7415617616274,98.419153113,-0.6852902537608521,0.7282700516294673
2022-07-11,2.786583333333333,5,120,2.2988808934889313,355.07156663722,21.63794964324016,-0.08591135472923872,0.996302784864414
2022-07-12,2.952833333333333,5,120,2.179249539916567,196.63103181657377,25.746417318578693,-0.2862073600490618,-0.9581677029903204
2022-07-13,4.292583333333334,5,120,2.650709215100553,311.79279267106136,79.09630668161519,-0.745559837983994,0.6664386903423906
2022-07-14,3.778,5,120,3.33964820433224,331.93499277939054,53.924466952,-0.4704730439391309,0.8824143669085678
2022-07-15,4.2945,5,120,3.754842800428096,280.38820762878385,79.20230505862502,-0.9836086036560553,0.1803167069735503
2022-07-16,4.5601666666666665,5,120,4.048646265553399,342.8346272676262,94.82921318000461,-0.2951306642058571,0.9554569017205379
2022-07-17,2.039083333333333,5,120,0.7993263603591333,137.0960828978985,8.478224741729743,0.6807709486367339,-0.7324963586887251
2022-07-18,2.3953333333333333,5,120,1.4873512633469057,174.53808940625754,13.74351669837037,0.09518400638141115,-0.9954596952811217
2022-07-19,4.013083333333333,5,120,3.832138037515127,136.95619401578261,64.63005632285474,0.6825573234806424,-0.7308320601635794
2022-07-20,5.378916666666667,5,120,4.740432791624715,234.54914142329037,155.62682164081195,-0.8146132759571497,-0.5800044919087788
2022-07-21,5.533,5,120,3.982198370780657,316.450204259128,169.38775443700004,-0.6889847382442229,0.7247758484293884
2022-07-22,2.990666666666667,5,120,2.683035962380957,351.1555151166546,26.748783186962967,-0.15375305820301427,0.9881093042235867
2022-07-23,2.4238333333333335,5,120,0.632238102935236,307.52469391173224,14.239943337995374,-0.793090896487889,0.6091032998663171
2022-07-24,4.962583333333333,5,120,4.660497742153976,214.88201290665697,122.21469772057347,-0.5718883716955595,-0.8203314514995762
2022-07-25,6.7044999999999995,5,120,6.474298594080349,242.06342365723896,301.36942211612495,-0.8834667341140148,-0.4684938950657914
2022-07-26,5.382083333333333,5,120,4.961182093254368,337.57986918813265,155.90184456112556,-0.3813951910992267,0.9244120878733598
2022-07-27,4.127666666666666,5,120,3.7574222407043822,5.804677750967926,70.32566614396295,0.10113752105207405,0.9948724550591604
2022-07-28,4.643416666666667,5,120,4.508215773378143,69.37450645464116,100.11818493655153,0.9359028924436776,0.3522581097938811
2022-07-29,4.208916666666666,5,120,3.423139660088991,21.918838012971946,74.5608724964369,0.3732928213786695,0.9277135708326966
2022-07-30,3.1136666666666666,5,120,2.051344842254133,275.0895406037735,30.18674958596296,-0.9960572765482978,0.08871246719141433
2022-07-31,5.98975,5,120,5.0796490870480975,247.46489502710472,214.89489004810937,-0.9236448899856221,-0.3832494190516772
2022-08-01,3.4571666666666667,5,120,2.6028883968061507,9.589374664588036,41.32006070558796,0.166585893756575,0.9860269468941115
2022-08-02,5.9175,5,120,5.12825961689222,214.95567853984687,207.21195098437505,-0.572942605309007,-0.8195954923141827
2022-08-03,4.591583333333333,5,120,4.274393514507107,225.3449096772498,96.80268699959433,-0.711350591522954,-0.7028373467168229
2022-08-04,3.604833333333333,5,120,2.330061254565617,310.4806205676178,46.84417241291203,-0.7606255880966736,0.6491908153482991
2022-08-05,4.9039166666666665,5,120,4.457648492675112,334.73898884887114,117.93134306216608,-0.4267425509741279,0.904373150413088
2022-08-06,3.216416666666667,5,120,2.807424007026406,332.7981331562795,33.27491169107235,-0.45712690628689134,0.889401479394191
2022-08-07,2.6545833333333335,5,120,1.84359370795041,334.9299139869201,18.706351476490166,-0.4237265696873501,0.9057901490637835
2022-08-08,3.5676666666666668,5,120,3.176489451692304,8.296328356425477,45.4101369972963,0.1442927896464854,0.9895350377101536
2022-08-09,4.114,5,120,3.930017510634988,35.19564893035374,69.629433544,0.5763702601226707,0.8171886705321636
2022-08-10,4.324416666666666,5,120,4.20518836375324,55.566842357863266,80.86909769615563,0.8247864080590289,0.5654444102483329
2022-08-11,4.022333333333333,5,120,3.8743957654480234,61.87039202547527,65.07799647270369,0.8818833497307778,0.47146766322582795
2022-08-12,4.211833333333334,5,120,4.06942221271043,62.197243244303024,74.7159860069954,0.8845585342481661,0.4664292009391522
2022-08-13,3.508166666666667,5,120,2.818645622802923,87.83668646345228,43.17582583633797,0.9992872912662348,0.037747973638211425
2022-08-14,3.631333333333333,5,120,2.991333087363719,86.03384764179509,47.884873962370364,0.99760508501978,0.06916714785704021
2022-08-15,3.3754166666666667,5,120,2.31066402105125,223.7644177434218,38.45759941413484,-0.6916948074544265,-0.7221899288556881
2022-08-16,3.6897499999999996,5,120,2.365983598940854,230.30854336177418,50.23319761685936,-0.769494793029732,-0.638653085407195
2022-08-17,3.8853333333333335,5,120,2.9832353455760257,46.65009336760545,58.65227364503705,0.7271751098254334,0.6864520082645027
2022-08-18,2.6590833333333332,5,120,2.0726336668889163,6.340185559067606,18.80164480464641,0.11043141875451644,0.9938837465980942
2022-08-19,3.8630833333333334,5,120,3.017043539668063,251.1010940900398,57.650387419729746,-0.9460915440115337,-0.32389935219118926
2022-08-20,3.8255833333333333,5,120,2.8315673386822064,258.3961475756708,55.987748123635996,-0.9795617274106265,-0.20114378487119436
2022-08-21,3.8859166666666667,5,120,2.8631086647550874,244.92091868936836,58.67869528795776,-0.9057236138636682,-0.4238687713075085
2022-08-22,2.7785,5,120,2.2978324708814832,100.47752783139572,21.450192961625003,0.9833263071371336,-0.1818498658015658
2022-08-23,2.8834999999999997,5,120,1.7270454383852427,221.2621852867365,23.97506908287499,-0.6595056964962224,-0.7516995651781586
2022-08-24,3.0246666666666666,5,120,0.03302602322273726,216.5592355899715,27.671491008296297,-0.5956535410149436,-0.8032414699680034
2022-08-25,4.550666666666667,5,120,1.0496590562796568,35.656283580709044,94.237786066963,0.5829214255193356,0.8125285297578823
2022-08-26,5.592250000000001,5,120,5.493442329059,346.8351053504422,174.8878885845157,-0.22775431164611956,0.9737186316008348
2022-08-27,4.7467500000000005,5,120,4.661390996538111,18.237511015445705,106.9520411062969,0.3129567894227395,0.9497673651764473
2022-08-28,4.843500000000001,5,120,4.504365190355626,18.57999952067638,113.62605071287504,0.31862844835690657,0.9478796927340886
2022-08-29,3.6576666666666666,5,120,3.4478689863235434,37.68691378152931,48.934186567296294,0.6113463106819452,0.7913631836366755
2022-08-30,5.36775,5,120,5.195372070075587,52.64896814188273,154.6595854704844,0.7949334273210524,0.6066966673120968
2022-08-31,6.384166666666667,5,120,6.315986637773303,57.701589577221625,260.2032093640047,0.8452766576241404,0.5343288987840371
2022-09-01,5.2796666666666665,5,120,5.169571343415656,73.1450087499968,147.17007535996294,0.957041650177898,0.2899504782282068
2022-09-02,4.887583333333334,5,120,4.689772801659577,98.58232482885956,116.75689193776101,0.9888024641462293,-0.14923031494419917
2022-09-03,3.9488333333333334,5,120,3.4269207091094773,109.03146683764652,61.57528237757871,0.945339631009317,-0.3260873840601144
2022-09-04,2.7724166666666665,5,120,1.4927175835445032,125.6153058128096,21.309610071822334,0.8129452255527121,-0.5823401585422819
2022-09-05,3.5741666666666663,5,120,1.8018669972798902,126.96794695575522,45.65879025983795,0.7989720591328826,-0.6013681474146777
2022-09-06,3.007833333333333,5,120,1.8616425772835141,160.9988088497513,27.21205273066203,0.3255878112392947,-0.9455118069978848
2022-09-07,3.61725,5,120,2.2221966596637914,175.15186156573316,47.32989880795312,0.08451504126565727,-0.9964222035863434
2022-09-08,4.244833333333333,5,120,3.5080614010592464,191.50566961909425,76.48599646624537,-0.19946490044032864,-0.9799049716642577
2022-09-09,6.105916666666667,5,120,5.336254706110277,194.3149110439421,227.64211833420782,-0.24725118761005666,-0.9689514178870975
2022-09-10,3.8103333333333333,5,120,1.9833826917772903,340.53168940653757,55.32085837003704,-0.3332854478232952,0.9428259702984563
2022-09-11,1.9761666666666666,5,120,0.5708430474287133,16.344417268027996,7.717394628671296,0.28141069203496194,0.9595874230149142
2022-09-12,3.7641666666666667,5,120,3.386707728479553,193.78003829654543,53.33429190567129,-0.2381951024024078,-0.9712173254176979
2022-09-13,3.7505,5,120,2.7089158021514876,339.5478428503738,52.755471562625004,-0.3494251236851916,0.9369642911752766
2022-09-14,3.0089166666666665,5,120,1.8727648024899934,1.4049762760625413,27.241466271436916,0.024519004535843946,0.9996993640172885
2022-09-15,6.454166666666667,5,120,6.338564877552882,320.8072677029889,268.856492259838,-0.6319309994785548,0.7750246524453496
2022-09-16,8.215083333333334,5,120,8.072548980283772,323.4635296687303,554.4162101023966,-0.5953343431007528,0.8034780768165334
2022-09-17,9.1835,5,120,9.144194084180027,328.6593595260787,774.5058296078751,-0.5201250573989896,0.8540901150731682
2022-09-18,8.133333333333333,5,120,7.894930916355701,323.87325267927423,538.0290370370369,-0.5895734860963303,0.8077147420297714
2022-09-19,6.500249999999999,5,120,6.443504119556221,332.9592952814209,274.65668871876557,-0.45462338409593306,0.8906837702760513
2022-09-20,3.7721666666666667,5,120,3.42320434490724,348.6101964068642,53.675069954337964,-0.19748288733744396,0.9803063343714894
2022-09-21,1.663,5,120,0.8797215139230757,156.0348191170184,4.599141247,0.40618139890686367,-0.9137924661442899
2022-09-22,2.801083333333333,5,120,2.6008563817703365,169.80483139356966,21.97748985960474,0.17700174865006307,-0.9842105369151561
2022-09-23,3.4005,5,120,2.970789590684295,203.91573315820386,39.321342550125,-0.405392621444206,-0.9141426707459808
2022-09-24,4.924833333333334,5,120,3.75602403159562,26.677327785725026,119.44682572291208,0.44896545211176714,0.8935491160591434
2022-09-25,3.881333333333333,5,120,2.555883881578175,320.69276856918094,58.471310295703695,-0.6334785357177894,0.7737602631208489
2022-09-26,7.403083333333333,5,120,4.872248577716955,262.19808890498496,405.7307410834797,-0.9907433131409246,-0.13574861865427543
2022-09-27,5.10725,5,120,4.735771386614165,302.20441207172246,133.2175220873281,-0.8461521293860286,0.532941435746452
2022-09-28,2.9385833333333333,5,120,2.2208369077810515,295.72717466512137,25.37546639840683,-0.9008712409510113,0.4340864052552037
2022-09-29,1.7650000000000001,5,120,0.14724125450710246,286.25819311399846,5.498372125000001,-0.9600098299126475,0.2799662952412121
2022-09-30,5.616416666666667,5,120,5.26892674962881,201.33885522393282,177.16501214107237,-0.36388297478348186,-0.9314446739676618
2022-10-01,8.094166666666666,5,120,6.812013440507359,254.94817326332213,530.2936516765045,-0.9656913171166331,-0.2596926645971009
2022-10-02,5.735833333333333,5,120,5.229569876659135,296.5252481926794,188.70767788599534,-0.8947376513626863,0.4465921352128628
2022-10-03,3.048083333333333,5,120,2.358185125423318,248.84381475614816,28.31916923150057,-0.9326000671444273,-0.36091150544449196
2022-10-04,5.896166666666667,5,120,5.762008517697774,204.06697844689603,204.97894503533797,-0.40780429446810745,-0.91306936068043
2022-10-05,9.617166666666666,5,120,8.992096980947268,221.5463524269714,889.4907322589211,-0.6632257383379658,-0.7484194145036992
2022-10-06,7.46225,5,120,7.023009936462202,244.3418350122111,415.5366976101406,-0.9013934210535047,-0.433001039815679
2022-10-07,7.621083333333333,5,120,7.405835168414888,219.89106165580023,442.63946413002134,-0.6413299432877799,-0.7672652108902717
2022-10-08,5.582583333333333,5,120,5.357741105762518,283.4894130348288,173.98253083349013,-0.9724130392251529,0.23326568788594132
2022-10-09,4.0455,5,120,3.7593176275460767,162.27922535259563,66.20893719637499,0.3043784626465973,-0.9525511805025985
2022-10-10,5.485416666666667,5,120,2.6923827426425593,269.5306962607419,165.05506851309318,-0.9999664548034777,-0.008190803853370971
2022-10-11,2.7219166666666665,5,120,1.6662494995749304,262.03391566551784,20.166218783707752,-0.9903502773750016,-0.1385868973000602
2022-10-12,3.2721666666666667,5,120,3.0413332741972816,185.3234386137573,35.035332912671294,-0.0927779117437214,-0.9956868278191061
2022-10-13,3.4386666666666668,5,120,2.4234048257397993,230.79546508246827,40.6602679442963,-0.7748944616364959,-0.6320906369541359
2022-10-14,3.9814999999999996,5,120,3.0717836939946803,203.9863349237856,63.11610066837498,-0.4065187503951305,-0.9136424385815173
2022-10-15,6.188916666666667,5,120,5.760889764738972,212.8622216427885,237.0521534676869,-0.5426207229185261,-0.8399778277189084
2022-10-16,6.0425,5,120,4.820768241922611,212.3590784799361,220.62258926562504,-0.5352236264778573,-0.8447104057959101
2022-10-17,5.261583333333333,5,120,4.633395025649722,204.51470894352988,145.66303666355265,-0.4149268337856126,-0.9098547810528044
2022-10-18,2.935666666666667,5,120,2.0233913562332715,322.6402431866265,25.29998273862964,-0.6068177121007314,0.7948410308236696
2022-10-19,5.343,5,120,5.125022194122259,91.10144820843635,152.530088607,0.9998152265676058,-0.019222713740962544
2022-10-20,5.34425,5,120,4.7606035994733595,143.2687589015685,152.63716733801562,0.598062234325831,-0.8014496639672355
2022-10-21,4.473916666666667,5,120,4.259629031813703,183.54439964217403,89.54960434820777,-0.061821995688338,-0.9980871910054308
2022-10-22,5.37675,5,120,4.791518979701118,208.6116113513476,155.4388345444219,-0.4788697769010184,-0.877885947473115
2022-10-23,5.832583333333333,5,120,5.253160590582092,159.76118473113218,198.41881771369847,0.3459339057927536,-0.9382588836898749
2022-10-24,9.047333333333334,5,120,8.681590036093338,216.52910559939275,740.562598047704,-0.5952310600591997,-0.8035545937525349
2022-10-25,5.476,5,120,4.704185995186859,220.0208636254249,164.206490176,-0.6430665136894306,-0.7658103283263562
2022-10-26,5.840999999999999,5,120,5.014175012467451,194.042495623956,199.27903832099992,-0.24264148622868564,-0.9701160287103469
2022-10-27,5.726416666666666,5,120,5.4885628416383625,174.429984399555,187.77978400336397,0.09706205755195679,-0.995278331414776
2022-10-28,5.2604999999999995,5,120,4.676870203622704,210.2956004027168,145.57308134512496,-0.5044613243777728,-0.8634342894552101
2022-10-29,3.869333333333333,5,120,3.430602182037874,174.0029500822626,57.930654359703695,0.10447725654063719,-0.9945272760793149
2022-10-30,3.969333333333333,5,120,3.6407401340752767,218.59461973911135,62.53925649303703,-0.6238062066331801,-0.7815790533055004
2022-10-31,4.590833333333333,5,120,3.761414882732747,152.0451492764945,96.7552588130787,0.46877565127909065,-0.8833172639362735
2022-11-01,10.388416666666666,5,120,10.126435451411671,203.27452166743768,1121.1096246624888,-0.3951370480051762,-0.9186221820170439
2022-11-02,9.32025,5,120,8.366845833794388,218.30637430580245,809.6227165475156,-0.619866336389716,-0.784707413633127
2022-11-03,8.246416666666667,5,120,7.337181886682742,192.25357045933595,560.784270875864,-0.21223856914310602,-0.9772178824438729
2022-11-04,4.20775,5,120,3.304042996716937,298.0289322791808,74.49888725298437,-0.88271041427998,0.46991735924699163
2022-11-05,6.264916666666666,5,120,5.679787054676944,216.16320016843537,245.8928471992702,-0.590087252799935,-0.8073394788334246
2022-11-06,9.145999999999999,5,120,8.839662100625167,196.00864094715945,765.0566441359997,-0.27578232342123377,-0.9612201153161465
2022-11-07,8.770000000000001,5,120,8.585753901450115,213.47067511720093,674.5261330000003,-0.551510117135487,-0.8341682028806908
2022-11-08,8.611666666666668,5,120,8.413700336152228,193.30413244842939,638.64811325463,-0.23011992695167172,-0.9731622779473921
2022-11-09,8.32125,5,120,7.911722347591627,225.5006014384734,576.189991001953,-0.7132578066166332,-0.7009017772130625
2022-11-10,7.879666666666666,5,120,7.667408666481413,223.58748456807845,489.24178022662954,-0.6894613424461113,-0.7243224815456206
2022-11-11,6.749750000000001,5,120,6.610582049671075,209.23041161126065,307.51270439060943,-0.488322922372931,-0.8726630068274697
2022-11-12,2.9716666666666667,5,120,2.681385687948445,160.6128077074652,26.24220225462963,0.33195027873942323,-0.9432968845728364
2022-11-13,3.1591666666666667,5,120,3.0771958543471327,108.6369121766503,31.52953858275463,0.9475627273092875,-0.319569832453229
2022-11-14,4.28475,5,120,3.8953470904197864,136.78763885765954,78.66407900967187,0.6847043596075488,-0.7288209244625298
2022-11-15,6.57475,5,120,6.276628200100229,164.86009227616512,284.20893763904684,0.2611769175315557,-0.9652909497911575
2022-11-16,6.323166666666666,5,120,5.55071386951929,157.07769915608128,252.81561095842127,0.3894824673435108,-0.9210338797416798
2022-11-17,9.538416666666667,5,120,7.886115777961595,164.06625779822582,867.8184306447806,0.2745255526488169,-0.9615798047707022
2022-11-18,5.6498333333333335,5,120,3.6917953818646225,147.0630919905367,180.3461642208287,0.543715192027458,-0.8392697956906018
2022-11-19,5.35025,5,120,4.9702529762211585,86.51590268127796,153.15184287814063,0.9981517042507304,0.06077150073317653
2022-11-20,4.154583333333333,5,120,1.7426912735392648,156.0747455114456,71.71044600774015,0.4055445267621052,-0.9140752905605206
2022-11-21,5.185583333333333,5,120,4.2045422938867185,151.3493437800447,139.4417593119693,0.4794679111497948,-0.8775594123349442
2022-11-22,7.410916666666667,5,120,7.097556593062455,177.42676773776407,407.0200369551453,0.04489627897294428,-0.9989916536860474
2022-11-23,7.129833333333334,5,120,6.774970303801554,190.51101139277756,362.44167914416215,-0.18242448902815855,-0.9832198664606077
2022-11-24,7.125666666666667,5,120,6.496547715779971,204.29703452654513,361.8066188752963,-0.4114671863033109,-0.9114245742767947
2022-11-25,5.68075,5,120,4.9325214034400595,230.98586020234973,183.32303198542186,-0.7769906303156707,-0.6295121606463665
2022-11-26,5.458583333333333,5,120,5.194546572643928,198.95094182700595,162.64466957090684,-0.3247584570185621,-0.9457969891022717
2022-11-27,6.736083333333334,5,120,6.694004102482547,176.49005208487574,305.648559820334,0.06122183864293065,-0.9981241838935568
2022-11-28,3.2228333333333334,5,120,2.8264215294217134,212.15222814227374,33.47445697107871,-0.5321705552007432,-0.846637171506976
2022-11-29,2.31425,5,120,1.1146831646486204,312.5094182539199,12.394551524890623,-0.7371662736417507,0.6757113917976635
2022-11-30,2.0399166666666666,5,120,1.3384719180828681,51.48077850085053,8.488623642499421,0.7823992725729677,0.6227771497713215
2022-12-01,3.4130833333333332,5,120,3.2966279721117955,50.69280833332698,39.75947821035474,0.7737607027644415,0.6334779987161966
2022-12-02,5.846916666666667,5,120,5.747305149001188,64.29589512999473,199.88523369256194,0.9010459501562907,0.43372363978338463
2022-12-03,6.286666666666666,5,120,6.189208365923838,75.9784270961623,248.46275762962958,0.9702045695037408,0.24228721244436538
2022-12-04,6.114583333333333,5,120,6.009991488170054,75.96213381524177,228.61283252857345,0.9701356307225344,0.2425631010739069
2022-12-05,5.319999999999999,5,120,5.151051851690767,45.86767999399291,150.56876799999995,0.7177336257201239,0.6963177740878407
2022-12-06,4.0245,5,120,3.403065450786027,343.08541282298836,65.18321770612499,-0.29094578342771316,0.9567395419369026
2022-12-07,5.269166666666666,5,120,5.049714294372083,323.4714193885194,146.29376172858792,-0.5952236972502171,0.8035600476826744
2022-12-08,3.6824166666666667,5,120,2.595846903568656,296.9896431401888,49.934278890780675,-0.8910885735459375,0.4538294328223615
2022-12-09,2.4232500000000003,5,120,2.053473943083255,183.6591365737736,14.22966461807813,-0.063820577153444,-0.997961388998493
2022-12-10,3.582333333333333,5,120,3.2130831163832516,202.9830190963766,45.97248528603703,-0.39045829884428207,-0.9206206150546649
2022-12-11,3.9344166666666665,5,120,3.8778502267669483,182.59476747067146,60.90333199803066,-0.04527175708779643,-0.9989747083936528
2022-12-12,3.2334166666666664,5,120,3.03336353203353,172.69058121277658,33.8053173821765,0.12722766326908208,-0.9918735411830931
2022-12-13,3.2306666666666666,5,120,2.5024323452796895,144.26844600783056,33.71913710696296,0.5839883543384199,-0.8117620353263043
2022-12-14,2.5885833333333332,5,120,0.484378627491058,73.98498026253208,17.34548516611516,0.961189406266867,0.27588933520588943
2022-12-15,4.2227500000000004,5,120,2.4515960890678166,273.0705153097224,75.29846306204689,-0.9985643673330914,0.05356495395930824
2022-12-16,3.237083333333333,5,120,1.6977626753302846,43.36016976888675,33.92045266268807,0.6865822528732021,0.7270521370847887
2022-12-17,5.226,5,120,5.163363692101661,182.89481012853923,142.727683176,-0.050502475525606425,-0.9987239358129881
2022-12-18,5.895833333333333,5,120,5.732508481788943,158.71359016507108,204.94418221932867,0.36303022950159647,-0.9317773620710144
2022-12-19,9.158833333333332,5,120,9.029508610845987,194.36413092856333,768.281663801745,-0.24808347306559925,-0.9687386594906338
2022-12-20,7.205166666666667,5,120,6.932346820816819,206.49888453908036,374.0520967379213,-0.4461803900263058,-0.8949430482192561
2022-12-21,5.5577499999999995,5,120,5.483463605661898,210.54693325753232,171.67103363110934,-0.5082439874059016,-0.8612131265057156
2022-12-22,4.622833333333333,5,120,3.929574928102902,228.45909355861247,98.79266668774537,-0.7484824509808715,-0.6631545977927524
2022-12-23,4.401083333333333,5,120,1.8071724590425975,233.3337497768292,85.24693549293808,-0.8021275330677102,-0.5971527616068685
2022-12-24,6.298583333333334,5,120,5.701148958855175,233.4002478142789,249.8783554284069,-0.8028200539605888,-0.5962214026338852
2022-12-25,4.636083333333334,5,120,4.5246354026306435,191.15413425102048,99.64458467658393,-0.1934490262931057,-0.9811103272447239
2022-12-26,7.906333333333333,5,120,7.054110142939628,249.1686263526356,494.22574088737036,-0.9346310891155201,-0.3556187948614877
2022-12-27,7.920333333333334,5,120,7.029028631393792,229.37358973954315,496.8558170400371,-0.7589712549106699,-0.6511241311910678
2022-12-28,10.853583333333335,5,120,10.678935057982272,211.17558112599463,1278.555059872053,-0.5176624148564762,-0.8555849602727724
2022-12-29,10.765666666666666,5,120,10.586917769893256,228.13408474316824,1247.7362319286294,-0.7447087020756186,-0.6673896530909417
2022-12-30,9.821833333333332,5,120,8.999395129803656,203.92155913671516,947.4966452244951,-0.40548557166697613,-0.9141014446821017
2022-12-31,10.797500000000001,5,120,10.731786784861656,222.29886128506203,1258.8374024843754,-0.6729978137081635,-0.7396444705018973
